time,field,initial_residual
0.005,Ux,1.0
0.01,Ux,0.299302
0.015,Ux,0.168596
0.02,Ux,0.113542
0.025,Ux,0.0830832
0.03,Ux,0.0641037
0.035,Ux,0.0516661
0.04,Ux,0.0429192
0.045,Ux,0.0364711
0.05,Ux,0.0315382
0.055,Ux,0.0276546
0.06,Ux,0.0245007
0.065,Ux,0.0219573
0.07,Ux,0.0198761
0.075,Ux,0.0181384
0.08,Ux,0.0166641
0.085,Ux,0.0153973
0.09,Ux,0.0142978
0.095,Ux,0.0133372
0.1,Ux,0.0124878
0.105,Ux,0.011731
0.11,Ux,0.0110637
0.115,Ux,0.0104757
0.12,Ux,0.00994864
0.125,Ux,0.00947536
0.13,Ux,0.00904502
0.135,Ux,0.00865006
0.14,Ux,0.00828457
0.145,Ux,0.00794423
0.15,Ux,0.00762786
0.155,Ux,0.00733205
0.16,Ux,0.00705631
0.165,Ux,0.00679727
0.17,Ux,0.00655476
0.175,Ux,0.00633171
0.18,Ux,0.00612481
0.185,Ux,0.005932
0.19,Ux,0.00574982
0.195,Ux,0.00557831
0.2,Ux,0.00541602
0.205,Ux,0.00526245
0.21,Ux,0.00511681
0.215,Ux,0.00497814
0.22,Ux,0.00484612
0.225,Ux,0.00472036
0.23,Ux,0.00460015
0.235,Ux,0.00448575
0.24,Ux,0.00437584
0.245,Ux,0.00427015
0.25,Ux,0.00416924
0.255,Ux,0.00407244
0.26,Ux,0.00398137
0.265,Ux,0.00389489
0.27,Ux,0.00381206
0.275,Ux,0.00373212
0.28,Ux,0.00365501
0.285,Ux,0.00358073
0.29,Ux,0.0035091
0.295,Ux,0.00343993
0.3,Ux,0.00337291
0.305,Ux,0.00330805
0.31,Ux,0.00324543
0.315,Ux,0.00318485
0.32,Ux,0.00312625
0.325,Ux,0.00306955
0.33,Ux,0.00301451
0.335,Ux,0.00296105
0.34,Ux,0.00290938
0.345,Ux,0.00285932
0.35,Ux,0.00281057
0.355,Ux,0.00276306
0.36,Ux,0.00271697
0.365,Ux,0.00267268
0.37,Ux,0.00262995
0.375,Ux,0.00258856
0.38,Ux,0.00254838
0.385,Ux,0.00250947
0.39,Ux,0.00247165
0.395,Ux,0.00243487
0.4,Ux,0.00239906
0.405,Ux,0.00236421
0.41,Ux,0.00233034
0.415,Ux,0.00229736
0.42,Ux,0.00226523
0.425,Ux,0.00223382
0.43,Ux,0.00220324
0.435,Ux,0.00217366
0.44,Ux,0.00214458
0.445,Ux,0.00211613
0.45,Ux,0.0020884
0.455,Ux,0.00206127
0.46,Ux,0.00203465
0.465,Ux,0.00200854
0.47,Ux,0.001983
0.475,Ux,0.00195799
0.48,Ux,0.00193339
0.485,Ux,0.00190917
0.49,Ux,0.00188533
0.495,Ux,0.00186233
0.5,Ux,0.00183991
0.505,Ux,0.00181802
0.51,Ux,0.00179657
0.515,Ux,0.00177543
0.52,Ux,0.00175545
0.525,Ux,0.00173565
0.53,Ux,0.00171639
0.535,Ux,0.00169738
0.54,Ux,0.0016787
0.545,Ux,0.00166042
0.55,Ux,0.00164243
0.555,Ux,0.00162474
0.56,Ux,0.00160749
0.565,Ux,0.00159052
0.57,Ux,0.00157368
0.575,Ux,0.00155717
0.58,Ux,0.00154101
0.585,Ux,0.00152508
0.59,Ux,0.0015094
0.595,Ux,0.00149393
0.6,Ux,0.00147879
0.605,Ux,0.00146387
0.61,Ux,0.00144919
0.615,Ux,0.00143472
0.62,Ux,0.00142049
0.625,Ux,0.0014065
0.63,Ux,0.0013927
0.635,Ux,0.00137909
0.64,Ux,0.00136574
0.645,Ux,0.0013528
0.65,Ux,0.00134024
0.655,Ux,0.00132803
0.66,Ux,0.00131603
0.665,Ux,0.00130421
0.67,Ux,0.00129257
0.675,Ux,0.00128107
0.68,Ux,0.00126975
0.685,Ux,0.00125862
0.69,Ux,0.00124766
0.695,Ux,0.00123691
0.7,Ux,0.00122619
0.705,Ux,0.00121581
0.71,Ux,0.00120551
0.715,Ux,0.00119534
0.72,Ux,0.00118529
0.725,Ux,0.00117538
0.73,Ux,0.00116563
0.735,Ux,0.00115602
0.74,Ux,0.00114652
0.745,Ux,0.00113718
0.75,Ux,0.00112798
0.755,Ux,0.00111888
0.76,Ux,0.00110989
0.765,Ux,0.00110101
0.77,Ux,0.00109229
0.775,Ux,0.00108367
0.78,Ux,0.00107515
0.785,Ux,0.00106675
0.79,Ux,0.00105847
0.795,Ux,0.00105038
0.8,Ux,0.00104243
0.805,Ux,0.00103458
0.81,Ux,0.00102684
0.815,Ux,0.00101918
0.82,Ux,0.00101162
0.825,Ux,0.0010041
0.83,Ux,0.00099677
0.835,Ux,0.000989755
0.84,Ux,0.000982689
0.845,Ux,0.000975639
0.85,Ux,0.000968904
0.855,Ux,0.000961943
0.86,Ux,0.000955113
0.865,Ux,0.000948379
0.87,Ux,0.00094172
0.875,Ux,0.00093513
0.88,Ux,0.000928646
0.885,Ux,0.000922242
0.89,Ux,0.000915908
0.895,Ux,0.000909649
0.9,Ux,0.000903479
0.905,Ux,0.000897369
0.91,Ux,0.000891324
0.915,Ux,0.000885378
0.92,Ux,0.000879499
0.925,Ux,0.000873685
0.93,Ux,0.000867923
0.935,Ux,0.000862238
0.94,Ux,0.000856625
0.945,Ux,0.000851071
0.95,Ux,0.000845583
0.955,Ux,0.000840162
0.96,Ux,0.000834808
0.965,Ux,0.000829535
0.97,Ux,0.000824312
0.975,Ux,0.000819155
0.98,Ux,0.000814055
0.985,Ux,0.000809004
0.99,Ux,0.000804006
0.995,Ux,0.000799053
1.0,Ux,0.000794189
1.005,Ux,0.000789368
1.01,Ux,0.000784601
1.015,Ux,0.000779887
1.02,Ux,0.000775209
1.025,Ux,0.000770609
1.03,Ux,0.000765997
1.035,Ux,0.000761464
1.04,Ux,0.000756986
1.045,Ux,0.000752542
1.05,Ux,0.000748127
1.055,Ux,0.000743897
1.06,Ux,0.000739646
1.065,Ux,0.00073539
1.07,Ux,0.00073121
1.075,Ux,0.000727068
1.08,Ux,0.000722967
1.085,Ux,0.00071891
1.09,Ux,0.000714897
1.095,Ux,0.000710925
1.1,Ux,0.000706981
1.105,Ux,0.000703097
1.11,Ux,0.00069925
1.115,Ux,0.000695446
1.12,Ux,0.000691676
1.125,Ux,0.000687952
1.13,Ux,0.000684273
1.135,Ux,0.000680624
1.14,Ux,0.000677006
1.145,Ux,0.000673421
1.15,Ux,0.000669858
1.155,Ux,0.00066634
1.16,Ux,0.00066286
1.165,Ux,0.000659409
1.17,Ux,0.000655956
1.175,Ux,0.000652528
1.18,Ux,0.000649084
1.185,Ux,0.000645854
1.19,Ux,0.000642639
1.195,Ux,0.000639523
1.2,Ux,0.000636248
1.205,Ux,0.00063302
1.21,Ux,0.000629836
1.215,Ux,0.000626678
1.22,Ux,0.000623557
1.225,Ux,0.000620459
1.23,Ux,0.000617385
1.235,Ux,0.000614353
1.24,Ux,0.000611355
1.245,Ux,0.000608378
1.25,Ux,0.000605434
1.255,Ux,0.000602507
1.26,Ux,0.000599602
1.265,Ux,0.000596718
1.27,Ux,0.000593867
1.275,Ux,0.000591023
1.28,Ux,0.000588214
1.285,Ux,0.000585426
1.29,Ux,0.000582672
1.295,Ux,0.00057992
1.3,Ux,0.000577201
1.305,Ux,0.000574506
1.31,Ux,0.000571856
1.315,Ux,0.000569211
1.32,Ux,0.000566596
1.325,Ux,0.000564002
1.33,Ux,0.000561424
1.335,Ux,0.000558865
1.34,Ux,0.000556325
1.345,Ux,0.000553821
1.35,Ux,0.000551326
1.355,Ux,0.000548847
1.36,Ux,0.000546389
1.365,Ux,0.000543943
1.37,Ux,0.000541532
1.375,Ux,0.000539142
1.38,Ux,0.000536769
1.385,Ux,0.000534409
1.39,Ux,0.000532066
1.395,Ux,0.000529736
1.4,Ux,0.000527418
1.405,Ux,0.000525121
1.41,Ux,0.000522849
1.415,Ux,0.000520595
1.42,Ux,0.000518361
1.425,Ux,0.000516139
1.43,Ux,0.000513932
1.435,Ux,0.000511746
1.44,Ux,0.00050955
1.445,Ux,0.000507387
1.45,Ux,0.000505239
1.455,Ux,0.000503109
1.46,Ux,0.000500999
1.465,Ux,0.000498903
1.47,Ux,0.000496825
1.475,Ux,0.000494757
1.48,Ux,0.000492701
1.485,Ux,0.000490658
1.49,Ux,0.000488635
1.495,Ux,0.000486628
1.5,Ux,0.000484632
1.505,Ux,0.000482647
1.51,Ux,0.000480684
1.515,Ux,0.000478742
1.52,Ux,0.00047677
1.525,Ux,0.000474839
1.53,Ux,0.000472936
1.535,Ux,0.000471045
1.54,Ux,0.000469164
1.545,Ux,0.00046729
1.55,Ux,0.000465437
1.555,Ux,0.000463632
1.56,Ux,0.000461808
1.565,Ux,0.00045999
1.57,Ux,0.000458194
1.575,Ux,0.000456412
1.58,Ux,0.00045464
1.585,Ux,0.00045288
1.59,Ux,0.000451114
1.595,Ux,0.00044938
1.6,Ux,0.000447655
1.605,Ux,0.000445938
1.61,Ux,0.000444231
1.615,Ux,0.000442535
1.62,Ux,0.000440851
1.625,Ux,0.000439186
1.63,Ux,0.000437529
1.635,Ux,0.00043588
1.64,Ux,0.000434237
1.645,Ux,0.0004326
1.65,Ux,0.000430968
1.655,Ux,0.000429333
1.66,Ux,0.000427715
1.665,Ux,0.0004262
1.67,Ux,0.00042472
1.675,Ux,0.000423131
1.68,Ux,0.00042156
1.685,Ux,0.000420001
1.69,Ux,0.000418454
1.695,Ux,0.000416917
1.7,Ux,0.000415387
1.705,Ux,0.000413865
1.71,Ux,0.000412354
1.715,Ux,0.000410856
1.72,Ux,0.000409368
1.725,Ux,0.000407888
1.73,Ux,0.000406414
1.735,Ux,0.000404948
1.74,Ux,0.000403489
1.745,Ux,0.000402036
1.75,Ux,0.000400594
1.755,Ux,0.000399163
1.76,Ux,0.000397739
1.765,Ux,0.000396323
1.77,Ux,0.000394915
1.775,Ux,0.000393516
1.78,Ux,0.000392129
1.785,Ux,0.000390753
1.79,Ux,0.000389384
1.795,Ux,0.000388021
1.8,Ux,0.00038667
1.805,Ux,0.000385325
1.81,Ux,0.000383987
1.815,Ux,0.000382655
1.82,Ux,0.000381332
1.825,Ux,0.000380018
1.83,Ux,0.000378709
1.835,Ux,0.000377407
1.84,Ux,0.000376115
1.845,Ux,0.000374833
1.85,Ux,0.000373555
1.855,Ux,0.000372284
1.86,Ux,0.000371021
1.865,Ux,0.000369767
1.87,Ux,0.000368519
1.875,Ux,0.000367276
1.88,Ux,0.000366039
1.885,Ux,0.000364812
1.89,Ux,0.000363595
1.895,Ux,0.000362384
1.9,Ux,0.000361178
1.905,Ux,0.000359978
1.91,Ux,0.000358786
1.915,Ux,0.000357597
1.92,Ux,0.000356419
1.925,Ux,0.000355246
1.93,Ux,0.000354089
1.935,Ux,0.000352904
1.94,Ux,0.000351739
1.945,Ux,0.000350581
1.95,Ux,0.000349429
1.955,Ux,0.000348289
1.96,Ux,0.000347144
1.965,Ux,0.000346014
1.97,Ux,0.000344902
1.975,Ux,0.000343759
1.98,Ux,0.00034264
1.985,Ux,0.000341527
1.99,Ux,0.000340419
1.995,Ux,0.000339315
2.0,Ux,0.000338215
2.005,Ux,0.00033712
2.01,Ux,0.000336037
2.015,Ux,0.000334944
2.02,Ux,0.000333867
2.025,Ux,0.000332794
2.03,Ux,0.000331726
2.035,Ux,0.000330664
2.04,Ux,0.000329607
2.045,Ux,0.000328553
2.05,Ux,0.000327506
2.055,Ux,0.000326461
2.06,Ux,0.000325414
2.065,Ux,0.000324378
2.07,Ux,0.000323348
2.075,Ux,0.000322322
2.08,Ux,0.0003213
2.085,Ux,0.000320282
2.09,Ux,0.00031927
2.095,Ux,0.000318266
2.1,Ux,0.000317264
2.105,Ux,0.000316267
2.11,Ux,0.000315275
2.115,Ux,0.000314286
2.12,Ux,0.000313301
2.125,Ux,0.000312322
2.13,Ux,0.000311345
2.135,Ux,0.000310374
2.14,Ux,0.000309404
2.145,Ux,0.000308439
2.15,Ux,0.00030748
2.155,Ux,0.000306524
2.16,Ux,0.000305571
2.165,Ux,0.000304624
2.17,Ux,0.000303682
2.175,Ux,0.000302744
2.18,Ux,0.000301809
2.185,Ux,0.000300881
2.19,Ux,0.000299958
2.195,Ux,0.000299038
2.2,Ux,0.000298124
2.205,Ux,0.000297233
2.21,Ux,0.000296305
2.215,Ux,0.000295402
2.22,Ux,0.000294505
2.225,Ux,0.000293615
2.23,Ux,0.000292727
2.235,Ux,0.000291843
2.24,Ux,0.000290962
2.245,Ux,0.000290085
2.25,Ux,0.000289214
2.255,Ux,0.000288347
2.26,Ux,0.000287484
2.265,Ux,0.000286628
2.27,Ux,0.000285761
2.275,Ux,0.000284905
2.28,Ux,0.000284056
2.285,Ux,0.000283209
2.29,Ux,0.000282367
2.295,Ux,0.000281526
2.3,Ux,0.00028069
2.305,Ux,0.000279857
2.31,Ux,0.000279026
2.315,Ux,0.000278198
2.32,Ux,0.000277373
2.325,Ux,0.000276554
2.33,Ux,0.000275738
2.335,Ux,0.000274924
2.34,Ux,0.000274113
2.345,Ux,0.000273305
2.35,Ux,0.000272499
2.355,Ux,0.000271696
2.36,Ux,0.000270897
2.365,Ux,0.000270101
2.37,Ux,0.000269306
2.375,Ux,0.000268515
2.38,Ux,0.000267727
2.385,Ux,0.000266943
2.39,Ux,0.000266162
2.395,Ux,0.000265384
2.4,Ux,0.000264606
2.405,Ux,0.000263813
2.41,Ux,0.00026308
2.415,Ux,0.000262312
2.42,Ux,0.000261547
2.425,Ux,0.000260785
2.43,Ux,0.000260025
2.435,Ux,0.000259267
2.44,Ux,0.000258512
2.445,Ux,0.00025776
2.45,Ux,0.000257009
2.455,Ux,0.000256261
2.46,Ux,0.000255515
2.465,Ux,0.00025477
2.47,Ux,0.000254027
2.475,Ux,0.000253284
2.48,Ux,0.000252545
2.485,Ux,0.000251816
2.49,Ux,0.000251113
2.495,Ux,0.00025043
2.5,Ux,0.000249698
2.505,Ux,0.000248973
2.51,Ux,0.000248252
2.515,Ux,0.000247536
2.52,Ux,0.000246822
2.525,Ux,0.00024611
2.53,Ux,0.000245401
2.535,Ux,0.000244695
2.54,Ux,0.000243991
2.545,Ux,0.00024329
2.55,Ux,0.000242592
2.555,Ux,0.000241897
2.56,Ux,0.000241204
2.565,Ux,0.00024051
2.57,Ux,0.000239821
2.575,Ux,0.000239133
2.58,Ux,0.000238449
2.585,Ux,0.000237767
2.59,Ux,0.000237087
2.595,Ux,0.00023641
2.6,Ux,0.000235739
2.605,Ux,0.000235066
2.61,Ux,0.000234398
2.615,Ux,0.000233732
2.62,Ux,0.000233069
2.625,Ux,0.000232407
2.63,Ux,0.000231749
2.635,Ux,0.000231093
2.64,Ux,0.000230438
2.645,Ux,0.000229786
2.65,Ux,0.000229136
2.655,Ux,0.000228489
2.66,Ux,0.000227844
2.665,Ux,0.000227202
2.67,Ux,0.000226562
2.675,Ux,0.000225926
2.68,Ux,0.000225293
2.685,Ux,0.000224663
2.69,Ux,0.000224036
2.695,Ux,0.000223412
2.7,Ux,0.00022279
2.705,Ux,0.000222171
2.71,Ux,0.000221554
2.715,Ux,0.000220939
2.72,Ux,0.000220327
2.725,Ux,0.000219717
2.73,Ux,0.00021911
2.735,Ux,0.000218504
2.74,Ux,0.0002179
2.745,Ux,0.000217298
2.75,Ux,0.000216698
2.755,Ux,0.000216101
2.76,Ux,0.000215506
2.765,Ux,0.000214912
2.77,Ux,0.000214321
2.775,Ux,0.000213731
2.78,Ux,0.000213142
2.785,Ux,0.000212558
2.79,Ux,0.000211974
2.795,Ux,0.000211393
2.8,Ux,0.000210812
2.805,Ux,0.000210235
2.81,Ux,0.00020966
2.815,Ux,0.000209086
2.82,Ux,0.000208514
2.825,Ux,0.000207944
2.83,Ux,0.000207375
2.835,Ux,0.000206809
2.84,Ux,0.000206245
2.845,Ux,0.000205679
2.85,Ux,0.000205117
2.855,Ux,0.000204559
2.86,Ux,0.000203997
2.865,Ux,0.00020344
2.87,Ux,0.000202885
2.875,Ux,0.000202333
2.88,Ux,0.000201785
2.885,Ux,0.000201231
2.89,Ux,0.00020068
2.895,Ux,0.000200134
2.9,Ux,0.00019959
2.905,Ux,0.000199047
2.91,Ux,0.000198505
2.915,Ux,0.000197965
2.92,Ux,0.000197426
2.925,Ux,0.000196889
2.93,Ux,0.000196354
2.935,Ux,0.00019582
2.94,Ux,0.000195287
2.945,Ux,0.000194757
2.95,Ux,0.000194227
2.955,Ux,0.0001937
2.96,Ux,0.000193174
2.965,Ux,0.000192649
2.97,Ux,0.000192126
2.975,Ux,0.000191604
2.98,Ux,0.000191085
2.985,Ux,0.000190567
2.99,Ux,0.000190051
2.995,Ux,0.000189537
3.0,Ux,0.000189024
3.005,Ux,0.000188512
3.01,Ux,0.000188001
3.015,Ux,0.000187491
3.02,Ux,0.000186984
3.025,Ux,0.000186477
3.03,Ux,0.000185972
3.035,Ux,0.000185469
3.04,Ux,0.000184967
3.045,Ux,0.000184467
3.05,Ux,0.000183968
3.055,Ux,0.00018347
3.06,Ux,0.000182979
3.065,Ux,0.000182479
3.07,Ux,0.000181982
3.075,Ux,0.000181491
3.08,Ux,0.000181013
3.085,Ux,0.000180502
3.09,Ux,0.000180015
3.095,Ux,0.000179532
3.1,Ux,0.000179049
3.105,Ux,0.000178576
3.11,Ux,0.000178076
3.115,Ux,0.000177596
3.12,Ux,0.000177118
3.125,Ux,0.000176641
3.13,Ux,0.000176164
3.135,Ux,0.000175689
3.14,Ux,0.000175215
3.145,Ux,0.000174742
3.15,Ux,0.000174271
3.155,Ux,0.000173801
3.16,Ux,0.000173332
3.165,Ux,0.000172865
3.17,Ux,0.0001724
3.175,Ux,0.000171941
3.18,Ux,0.000171471
3.185,Ux,0.000171002
3.19,Ux,0.000170541
3.195,Ux,0.000170082
3.2,Ux,0.000169624
3.205,Ux,0.000169176
3.21,Ux,0.000168706
3.215,Ux,0.000168249
3.22,Ux,0.000167797
3.225,Ux,0.000167346
3.23,Ux,0.000166895
3.235,Ux,0.000166446
3.24,Ux,0.000165997
3.245,Ux,0.00016555
3.25,Ux,0.000165104
3.255,Ux,0.000164659
3.26,Ux,0.000164215
3.265,Ux,0.000163772
3.27,Ux,0.00016333
3.275,Ux,0.00016289
3.28,Ux,0.00016245
3.285,Ux,0.000162012
3.29,Ux,0.000161575
3.295,Ux,0.000161139
3.3,Ux,0.000160705
3.305,Ux,0.000160271
3.31,Ux,0.000159839
3.315,Ux,0.000159408
3.32,Ux,0.000158978
3.325,Ux,0.00015855
3.33,Ux,0.000158122
3.335,Ux,0.000157696
3.34,Ux,0.000157271
3.345,Ux,0.000156847
3.35,Ux,0.000156424
3.355,Ux,0.000156003
3.36,Ux,0.000155583
3.365,Ux,0.000155169
3.37,Ux,0.000154745
3.375,Ux,0.000154327
3.38,Ux,0.000153913
3.385,Ux,0.000153501
3.39,Ux,0.000153098
3.395,Ux,0.000152663
3.4,Ux,0.000152256
3.405,Ux,0.000151849
3.41,Ux,0.000151441
3.415,Ux,0.000151034
3.42,Ux,0.000150628
3.425,Ux,0.000150223
3.43,Ux,0.000149819
3.435,Ux,0.000149417
3.44,Ux,0.000149016
3.445,Ux,0.000148617
3.45,Ux,0.000148219
3.455,Ux,0.000147822
3.46,Ux,0.000147426
3.465,Ux,0.000147032
3.47,Ux,0.000146639
3.475,Ux,0.000146248
3.48,Ux,0.000145857
3.485,Ux,0.000145468
3.49,Ux,0.000145079
3.495,Ux,0.000144691
3.5,Ux,0.000144305
3.505,Ux,0.000143921
3.51,Ux,0.000143537
3.515,Ux,0.000143155
3.52,Ux,0.000142774
3.525,Ux,0.000142394
3.53,Ux,0.000142015
3.535,Ux,0.000141637
3.54,Ux,0.00014126
3.545,Ux,0.000140884
3.55,Ux,0.00014051
3.555,Ux,0.000140136
3.56,Ux,0.000139764
3.565,Ux,0.000139394
3.57,Ux,0.000139021
3.575,Ux,0.000138652
3.58,Ux,0.000138283
3.585,Ux,0.000137916
3.59,Ux,0.00013755
3.595,Ux,0.000137188
3.6,Ux,0.000136821
3.605,Ux,0.000136455
3.61,Ux,0.000136093
3.615,Ux,0.000135732
3.62,Ux,0.000135372
3.625,Ux,0.000135013
3.63,Ux,0.000134655
3.635,Ux,0.000134298
3.64,Ux,0.000133942
3.645,Ux,0.000133587
3.65,Ux,0.000133233
3.655,Ux,0.00013288
3.66,Ux,0.000132527
3.665,Ux,0.000132176
3.67,Ux,0.000131826
3.675,Ux,0.000131476
3.68,Ux,0.000131128
3.685,Ux,0.00013078
3.69,Ux,0.000130434
3.695,Ux,0.000130088
3.7,Ux,0.000129743
3.705,Ux,0.000129399
3.71,Ux,0.000129056
3.715,Ux,0.000128714
3.72,Ux,0.000128374
3.725,Ux,0.000128039
3.73,Ux,0.000127692
3.735,Ux,0.000127353
3.74,Ux,0.000127016
3.745,Ux,0.000126682
3.75,Ux,0.000126346
3.755,Ux,0.000126012
3.76,Ux,0.000125679
3.765,Ux,0.000125348
3.77,Ux,0.000125017
3.775,Ux,0.000124687
3.78,Ux,0.000124359
3.785,Ux,0.000124021
3.79,Ux,0.000123695
3.795,Ux,0.00012337
3.8,Ux,0.000123045
3.805,Ux,0.00012272
3.81,Ux,0.000122398
3.815,Ux,0.000122086
3.82,Ux,0.000121736
3.825,Ux,0.000121441
3.83,Ux,0.000121084
3.835,Ux,0.000120785
3.84,Ux,0.000120463
3.845,Ux,0.000120169
3.85,Ux,0.000119807
3.855,Ux,0.000119517
3.86,Ux,0.000119195
3.865,Ux,0.000118904
3.87,Ux,0.000118549
3.875,Ux,0.00011826
3.88,Ux,0.00011794
3.885,Ux,0.000117644
3.89,Ux,0.000117309
3.895,Ux,0.000117016
3.9,Ux,0.000116698
3.905,Ux,0.000116405
3.91,Ux,0.000116075
3.915,Ux,0.000115787
3.92,Ux,0.000115476
3.925,Ux,0.000115173
3.93,Ux,0.000114852
3.935,Ux,0.000114562
3.94,Ux,0.000114244
3.945,Ux,0.00011396
3.95,Ux,0.000113643
3.955,Ux,0.000113359
3.96,Ux,0.000113044
3.965,Ux,0.000112762
3.97,Ux,0.000112447
3.975,Ux,0.000112165
3.98,Ux,0.000111855
3.985,Ux,0.000111574
3.99,Ux,0.000111263
3.995,Ux,0.000110984
4.0,Ux,0.000110677
4.005,Ux,0.000110399
4.01,Ux,0.000110091
4.015,Ux,0.000109815
4.02,Ux,0.000109512
4.025,Ux,0.000109236
4.03,Ux,0.000108933
4.035,Ux,0.000108659
4.04,Ux,0.000108358
4.045,Ux,0.000108086
4.05,Ux,0.000107785
4.055,Ux,0.000107514
4.06,Ux,0.000107217
4.065,Ux,0.000106947
4.07,Ux,0.00010665
4.075,Ux,0.000106381
4.08,Ux,0.000106086
4.085,Ux,0.000105819
4.09,Ux,0.000105525
4.095,Ux,0.00010526
4.1,Ux,0.000104968
4.105,Ux,0.000104703
4.11,Ux,0.000104412
4.115,Ux,0.000104149
4.12,Ux,0.00010386
4.125,Ux,0.000103599
4.13,Ux,0.000103311
4.135,Ux,0.000103051
4.14,Ux,0.000102765
4.145,Ux,0.000102506
4.15,Ux,0.000102221
4.155,Ux,0.000101963
4.16,Ux,0.00010168
4.165,Ux,0.000101424
4.17,Ux,0.000101142
4.175,Ux,0.000100887
4.18,Ux,0.000100607
4.185,Ux,0.000100354
4.19,Ux,0.000100074
4.195,Ux,9.98226e-05
4.2,Ux,9.95451e-05
4.205,Ux,9.92941e-05
4.21,Ux,9.90184e-05
4.215,Ux,9.87686e-05
4.22,Ux,9.84943e-05
4.225,Ux,9.82457e-05
4.23,Ux,9.79729e-05
4.235,Ux,9.77257e-05
4.24,Ux,9.74542e-05
4.245,Ux,9.72082e-05
4.25,Ux,9.69382e-05
4.255,Ux,9.66934e-05
4.26,Ux,9.64247e-05
4.265,Ux,9.61812e-05
4.27,Ux,9.59138e-05
4.275,Ux,9.56712e-05
4.28,Ux,9.54047e-05
4.285,Ux,9.51648e-05
4.29,Ux,9.49008e-05
4.295,Ux,9.4663e-05
4.3,Ux,9.43992e-05
4.305,Ux,9.41606e-05
4.31,Ux,9.38989e-05
4.315,Ux,9.36615e-05
4.32,Ux,9.3401e-05
4.325,Ux,9.31647e-05
4.33,Ux,9.29063e-05
4.335,Ux,9.26712e-05
4.34,Ux,9.24136e-05
4.345,Ux,9.21799e-05
4.35,Ux,9.19242e-05
4.355,Ux,9.16916e-05
4.36,Ux,9.14369e-05
4.365,Ux,9.12057e-05
4.37,Ux,9.09529e-05
4.375,Ux,9.07241e-05
4.38,Ux,9.04768e-05
4.385,Ux,9.02374e-05
4.39,Ux,8.99913e-05
4.395,Ux,8.97627e-05
4.4,Ux,8.95121e-05
4.405,Ux,8.92861e-05
4.41,Ux,8.90398e-05
4.415,Ux,8.88151e-05
4.42,Ux,8.85665e-05
4.425,Ux,8.83433e-05
4.43,Ux,8.80989e-05
4.435,Ux,8.78766e-05
4.44,Ux,8.76313e-05
4.445,Ux,8.74096e-05
4.45,Ux,8.71682e-05
4.455,Ux,8.69479e-05
4.46,Ux,8.6705e-05
4.465,Ux,8.64861e-05
4.47,Ux,8.62466e-05
4.475,Ux,8.60286e-05
4.48,Ux,8.57884e-05
4.485,Ux,8.55717e-05
4.49,Ux,8.53345e-05
4.495,Ux,8.51188e-05
4.5,Ux,8.48813e-05
4.505,Ux,8.46691e-05
4.51,Ux,8.44351e-05
4.515,Ux,8.42177e-05
4.52,Ux,8.39843e-05
4.525,Ux,8.37722e-05
4.53,Ux,8.35403e-05
4.535,Ux,8.33282e-05
4.54,Ux,8.30967e-05
4.545,Ux,8.28865e-05
4.55,Ux,8.26556e-05
4.555,Ux,8.24466e-05
4.56,Ux,8.22172e-05
4.565,Ux,8.20094e-05
4.57,Ux,8.17808e-05
4.575,Ux,8.15738e-05
4.58,Ux,8.13473e-05
4.585,Ux,8.11413e-05
4.59,Ux,8.09151e-05
4.595,Ux,8.07103e-05
4.6,Ux,8.0486e-05
4.605,Ux,8.02821e-05
4.61,Ux,8.00582e-05
4.615,Ux,7.98553e-05
4.62,Ux,7.9633e-05
4.625,Ux,7.94329e-05
4.63,Ux,7.92113e-05
4.635,Ux,7.90108e-05
4.64,Ux,7.8793e-05
4.645,Ux,7.85921e-05
4.65,Ux,7.8373e-05
4.655,Ux,7.81743e-05
4.66,Ux,7.79566e-05
4.665,Ux,7.77589e-05
4.67,Ux,7.7542e-05
4.675,Ux,7.73455e-05
4.68,Ux,7.713e-05
4.685,Ux,7.69343e-05
4.69,Ux,7.67197e-05
4.695,Ux,7.65251e-05
4.7,Ux,7.63117e-05
4.705,Ux,7.61178e-05
4.71,Ux,7.59052e-05
4.715,Ux,7.5712e-05
4.72,Ux,7.55002e-05
4.725,Ux,7.53068e-05
4.73,Ux,7.50886e-05
4.735,Ux,7.49001e-05
4.74,Ux,7.47007e-05
4.745,Ux,7.4512e-05
4.75,Ux,7.42998e-05
4.755,Ux,7.41069e-05
4.76,Ux,7.39065e-05
4.765,Ux,7.37271e-05
4.77,Ux,7.35208e-05
4.775,Ux,7.33367e-05
4.78,Ux,7.31428e-05
4.785,Ux,7.29545e-05
4.79,Ux,7.27532e-05
4.795,Ux,7.25718e-05
4.8,Ux,7.23679e-05
4.805,Ux,7.21727e-05
4.81,Ux,7.1973e-05
4.815,Ux,7.17919e-05
4.82,Ux,7.15887e-05
4.825,Ux,7.14093e-05
4.83,Ux,7.1212e-05
4.835,Ux,7.10314e-05
4.84,Ux,7.08316e-05
4.845,Ux,7.06521e-05
4.85,Ux,7.04565e-05
4.855,Ux,7.02776e-05
4.86,Ux,7.00802e-05
4.865,Ux,6.99026e-05
4.87,Ux,6.97087e-05
4.875,Ux,6.95316e-05
4.88,Ux,6.93366e-05
4.885,Ux,6.91608e-05
4.89,Ux,6.89691e-05
4.895,Ux,6.87939e-05
4.9,Ux,6.86015e-05
4.905,Ux,6.84275e-05
4.91,Ux,6.82377e-05
4.915,Ux,6.80644e-05
4.92,Ux,6.78741e-05
4.925,Ux,6.7702e-05
4.93,Ux,6.7514e-05
4.935,Ux,6.73425e-05
4.94,Ux,6.71544e-05
4.945,Ux,6.69841e-05
4.95,Ux,6.67981e-05
4.955,Ux,6.66285e-05
4.96,Ux,6.64426e-05
4.965,Ux,6.62741e-05
4.97,Ux,6.60901e-05
4.975,Ux,6.59223e-05
4.98,Ux,6.57386e-05
4.985,Ux,6.55718e-05
4.99,Ux,6.53897e-05
4.995,Ux,6.52237e-05
5.0,Ux,6.50419e-05
0.005,Uy,0.0
0.01,Uy,0.327138
0.015,Uy,0.18555
0.02,Uy,0.124978
0.025,Uy,0.0918798
0.03,Uy,0.0713168
0.035,Uy,0.0574902
0.04,Uy,0.0476735
0.045,Uy,0.0404183
0.05,Uy,0.0348907
0.055,Uy,0.0305709
0.06,Uy,0.0271222
0.065,Uy,0.0243222
0.07,Uy,0.0220155
0.075,Uy,0.0200821
0.08,Uy,0.0184457
0.085,Uy,0.0170484
0.09,Uy,0.0158414
0.095,Uy,0.0147891
0.1,Uy,0.0138643
0.105,Uy,0.0130484
0.11,Uy,0.0123212
0.115,Uy,0.0116698
0.12,Uy,0.0110843
0.125,Uy,0.0105543
0.13,Uy,0.0100721
0.135,Uy,0.0096318
0.14,Uy,0.00922811
0.145,Uy,0.00885646
0.15,Uy,0.00851362
0.155,Uy,0.00819617
0.16,Uy,0.00790113
0.165,Uy,0.00762687
0.17,Uy,0.00737059
0.175,Uy,0.00713098
0.18,Uy,0.00690618
0.185,Uy,0.00669514
0.19,Uy,0.00649654
0.195,Uy,0.00630914
0.2,Uy,0.0061322
0.205,Uy,0.00596474
0.21,Uy,0.00580648
0.215,Uy,0.00565577
0.22,Uy,0.00551199
0.225,Uy,0.00537654
0.23,Uy,0.00524701
0.235,Uy,0.00512338
0.24,Uy,0.00500528
0.245,Uy,0.00489287
0.25,Uy,0.00478515
0.255,Uy,0.004682
0.26,Uy,0.00458352
0.265,Uy,0.00448855
0.27,Uy,0.0043974
0.275,Uy,0.00430971
0.28,Uy,0.00422542
0.285,Uy,0.00414427
0.29,Uy,0.00406644
0.295,Uy,0.00399141
0.3,Uy,0.00391898
0.305,Uy,0.00384909
0.31,Uy,0.00378101
0.315,Uy,0.0037166
0.32,Uy,0.00365366
0.325,Uy,0.00359269
0.33,Uy,0.00353355
0.335,Uy,0.00347639
0.34,Uy,0.00342108
0.345,Uy,0.00336743
0.35,Uy,0.00331543
0.355,Uy,0.00326493
0.36,Uy,0.00321588
0.365,Uy,0.0031685
0.37,Uy,0.00312224
0.375,Uy,0.00307724
0.38,Uy,0.00303347
0.385,Uy,0.00299099
0.39,Uy,0.00294962
0.395,Uy,0.00290902
0.4,Uy,0.00287006
0.405,Uy,0.00283184
0.41,Uy,0.00279465
0.415,Uy,0.00275838
0.42,Uy,0.00272302
0.425,Uy,0.00268859
0.43,Uy,0.0026549
0.435,Uy,0.00262176
0.44,Uy,0.00258959
0.445,Uy,0.00255802
0.45,Uy,0.00252762
0.455,Uy,0.00249763
0.46,Uy,0.00246826
0.465,Uy,0.0024396
0.47,Uy,0.0024116
0.475,Uy,0.0023842
0.48,Uy,0.00235736
0.485,Uy,0.00233113
0.49,Uy,0.00230543
0.495,Uy,0.00228025
0.5,Uy,0.00225563
0.505,Uy,0.00223137
0.51,Uy,0.00220777
0.515,Uy,0.00218465
0.52,Uy,0.0021617
0.525,Uy,0.00213925
0.53,Uy,0.00211734
0.535,Uy,0.00209585
0.54,Uy,0.00207485
0.545,Uy,0.00205418
0.55,Uy,0.00203372
0.555,Uy,0.00201416
0.56,Uy,0.00199444
0.565,Uy,0.00197522
0.57,Uy,0.00195646
0.575,Uy,0.00193793
0.58,Uy,0.0019197
0.585,Uy,0.00190161
0.59,Uy,0.00188426
0.595,Uy,0.00186696
0.6,Uy,0.00184997
0.605,Uy,0.00183325
0.61,Uy,0.00181681
0.615,Uy,0.00180065
0.62,Uy,0.00178479
0.625,Uy,0.00176908
0.63,Uy,0.00175364
0.635,Uy,0.00173847
0.64,Uy,0.00172362
0.645,Uy,0.0017089
0.65,Uy,0.00169443
0.655,Uy,0.00168018
0.66,Uy,0.00166608
0.665,Uy,0.00165222
0.67,Uy,0.00163859
0.675,Uy,0.00162513
0.68,Uy,0.00161188
0.685,Uy,0.00159885
0.69,Uy,0.001586
0.695,Uy,0.00157335
0.7,Uy,0.001561
0.705,Uy,0.0015482
0.71,Uy,0.00153631
0.715,Uy,0.00152431
0.72,Uy,0.00151249
0.725,Uy,0.00150083
0.73,Uy,0.00148934
0.735,Uy,0.00147803
0.74,Uy,0.00146679
0.745,Uy,0.00145574
0.75,Uy,0.00144488
0.755,Uy,0.0014341
0.76,Uy,0.00142348
0.765,Uy,0.001413
0.77,Uy,0.00140264
0.775,Uy,0.00139243
0.78,Uy,0.00138235
0.785,Uy,0.00137237
0.79,Uy,0.00136252
0.795,Uy,0.00135279
0.8,Uy,0.00134317
0.805,Uy,0.00133368
0.81,Uy,0.0013243
0.815,Uy,0.00131506
0.82,Uy,0.00130592
0.825,Uy,0.00129686
0.83,Uy,0.00128799
0.835,Uy,0.00127903
0.84,Uy,0.00127018
0.845,Uy,0.00126154
0.85,Uy,0.00125283
0.855,Uy,0.0012443
0.86,Uy,0.00123614
0.865,Uy,0.0012279
0.87,Uy,0.00121975
0.875,Uy,0.00121169
0.88,Uy,0.00120373
0.885,Uy,0.00119586
0.89,Uy,0.00118811
0.895,Uy,0.0011803
0.9,Uy,0.00117273
0.905,Uy,0.00116523
0.91,Uy,0.00115778
0.915,Uy,0.0011504
0.92,Uy,0.0011431
0.925,Uy,0.00113588
0.93,Uy,0.00112875
0.935,Uy,0.0011217
0.94,Uy,0.00111472
0.945,Uy,0.00110781
0.95,Uy,0.00110097
0.955,Uy,0.0010942
0.96,Uy,0.00108742
0.965,Uy,0.00108094
0.97,Uy,0.00107434
0.975,Uy,0.00106784
0.98,Uy,0.0010614
0.985,Uy,0.00105503
0.99,Uy,0.00104872
0.995,Uy,0.00104247
1.0,Uy,0.00103628
1.005,Uy,0.00103015
1.01,Uy,0.00102407
1.015,Uy,0.00101806
1.02,Uy,0.0010121
1.025,Uy,0.00100623
1.03,Uy,0.00100032
1.035,Uy,0.000994515
1.04,Uy,0.000988776
1.045,Uy,0.000983111
1.05,Uy,0.000977565
1.055,Uy,0.000971805
1.06,Uy,0.000966124
1.065,Uy,0.000960839
1.07,Uy,0.000955399
1.075,Uy,0.000950011
1.08,Uy,0.000944669
1.085,Uy,0.000939373
1.09,Uy,0.000934122
1.095,Uy,0.000928918
1.1,Uy,0.000923763
1.105,Uy,0.000918657
1.11,Uy,0.000913591
1.115,Uy,0.000908574
1.12,Uy,0.0009036
1.125,Uy,0.000898666
1.13,Uy,0.000893779
1.135,Uy,0.000888932
1.14,Uy,0.000884131
1.145,Uy,0.00087937
1.15,Uy,0.00087465
1.155,Uy,0.000869972
1.16,Uy,0.000865338
1.165,Uy,0.000860773
1.17,Uy,0.000856161
1.175,Uy,0.00085165
1.18,Uy,0.000847229
1.185,Uy,0.000842669
1.19,Uy,0.000838185
1.195,Uy,0.00083368
1.2,Uy,0.000829364
1.205,Uy,0.000825066
1.21,Uy,0.000820819
1.215,Uy,0.000816531
1.22,Uy,0.000812327
1.225,Uy,0.000808147
1.23,Uy,0.000804012
1.235,Uy,0.000799902
1.24,Uy,0.000795821
1.245,Uy,0.000791769
1.25,Uy,0.000787743
1.255,Uy,0.000783749
1.26,Uy,0.0007798
1.265,Uy,0.000775855
1.27,Uy,0.000771997
1.275,Uy,0.000768123
1.28,Uy,0.000764302
1.285,Uy,0.000760492
1.29,Uy,0.000756711
1.295,Uy,0.000752929
1.3,Uy,0.000749284
1.305,Uy,0.00074559
1.31,Uy,0.000741922
1.315,Uy,0.00073829
1.32,Uy,0.000734696
1.325,Uy,0.000731127
1.33,Uy,0.000727585
1.335,Uy,0.000724068
1.34,Uy,0.000720575
1.345,Uy,0.000717097
1.35,Uy,0.000713696
1.355,Uy,0.000710312
1.36,Uy,0.00070693
1.365,Uy,0.00070358
1.37,Uy,0.000700258
1.375,Uy,0.000696951
1.38,Uy,0.000693668
1.385,Uy,0.000690408
1.39,Uy,0.000687171
1.395,Uy,0.000683956
1.4,Uy,0.000680763
1.405,Uy,0.000677591
1.41,Uy,0.000674442
1.415,Uy,0.000671313
1.42,Uy,0.000668206
1.425,Uy,0.000665119
1.43,Uy,0.000662047
1.435,Uy,0.000658952
1.44,Uy,0.000656
1.445,Uy,0.000653003
1.45,Uy,0.000650017
1.455,Uy,0.000647052
1.46,Uy,0.000644106
1.465,Uy,0.000641182
1.47,Uy,0.000638277
1.475,Uy,0.000635392
1.48,Uy,0.000632526
1.485,Uy,0.000629679
1.49,Uy,0.000626851
1.495,Uy,0.000624041
1.5,Uy,0.000621249
1.505,Uy,0.000618477
1.51,Uy,0.000615726
1.515,Uy,0.000613003
1.52,Uy,0.000610252
1.525,Uy,0.000607557
1.53,Uy,0.000604875
1.535,Uy,0.000602214
1.54,Uy,0.00059957
1.545,Uy,0.000596954
1.55,Uy,0.000594354
1.555,Uy,0.000591704
1.56,Uy,0.000589124
1.565,Uy,0.000586562
1.57,Uy,0.000584015
1.575,Uy,0.000581483
1.58,Uy,0.000578961
1.585,Uy,0.00057644
1.59,Uy,0.000573988
1.595,Uy,0.00057153
1.6,Uy,0.000569073
1.605,Uy,0.000566632
1.61,Uy,0.000564207
1.615,Uy,0.000561796
1.62,Uy,0.000559404
1.625,Uy,0.00055703
1.63,Uy,0.000554675
1.635,Uy,0.000552333
1.64,Uy,0.000550006
1.645,Uy,0.000547696
1.65,Uy,0.000545404
1.655,Uy,0.000543141
1.66,Uy,0.000540894
1.665,Uy,0.000538574
1.67,Uy,0.000536247
1.675,Uy,0.000534035
1.68,Uy,0.000531829
1.685,Uy,0.000529638
1.69,Uy,0.00052746
1.695,Uy,0.000525296
1.7,Uy,0.000523145
1.705,Uy,0.000521005
1.71,Uy,0.000518877
1.715,Uy,0.000516765
1.72,Uy,0.000514671
1.725,Uy,0.000512589
1.73,Uy,0.000510526
1.735,Uy,0.000508477
1.74,Uy,0.00050644
1.745,Uy,0.000504414
1.75,Uy,0.0005024
1.755,Uy,0.000500396
1.76,Uy,0.000498403
1.765,Uy,0.000496421
1.77,Uy,0.00049445
1.775,Uy,0.00049249
1.78,Uy,0.00049054
1.785,Uy,0.0004886
1.79,Uy,0.000486671
1.795,Uy,0.000484753
1.8,Uy,0.000482845
1.805,Uy,0.000480948
1.81,Uy,0.000479061
1.815,Uy,0.000477184
1.82,Uy,0.000475317
1.825,Uy,0.000473461
1.83,Uy,0.000471614
1.835,Uy,0.000469779
1.84,Uy,0.000467952
1.845,Uy,0.000466133
1.85,Uy,0.000464329
1.855,Uy,0.000462532
1.86,Uy,0.000460745
1.865,Uy,0.00045897
1.87,Uy,0.000457204
1.875,Uy,0.000455447
1.88,Uy,0.000453699
1.885,Uy,0.000451961
1.89,Uy,0.000450231
1.895,Uy,0.00044851
1.9,Uy,0.000446798
1.905,Uy,0.000445096
1.91,Uy,0.000443399
1.915,Uy,0.000441711
1.92,Uy,0.00044003
1.925,Uy,0.000438354
1.93,Uy,0.00043663
1.935,Uy,0.000435065
1.94,Uy,0.000433432
1.945,Uy,0.000431796
1.95,Uy,0.000430165
1.955,Uy,0.000428512
1.96,Uy,0.000426935
1.965,Uy,0.000425331
1.97,Uy,0.000423674
1.975,Uy,0.000422188
1.98,Uy,0.000420612
1.985,Uy,0.000419042
1.99,Uy,0.000417483
1.995,Uy,0.000415932
2.0,Uy,0.000414389
2.005,Uy,0.000412853
2.01,Uy,0.000411291
2.015,Uy,0.000409821
2.02,Uy,0.000408309
2.025,Uy,0.000406808
2.03,Uy,0.000405316
2.035,Uy,0.000403832
2.04,Uy,0.000402356
2.045,Uy,0.000400886
2.05,Uy,0.000399413
2.055,Uy,0.000397963
2.06,Uy,0.000396555
2.065,Uy,0.000395124
2.07,Uy,0.0003937
2.075,Uy,0.000392286
2.08,Uy,0.000390879
2.085,Uy,0.00038948
2.09,Uy,0.000388089
2.095,Uy,0.000386713
2.1,Uy,0.000385353
2.105,Uy,0.000383996
2.11,Uy,0.000382643
2.115,Uy,0.000381298
2.12,Uy,0.000379958
2.125,Uy,0.000378624
2.13,Uy,0.000377296
2.135,Uy,0.000375978
2.14,Uy,0.000374663
2.145,Uy,0.000373354
2.15,Uy,0.000372051
2.155,Uy,0.000370754
2.16,Uy,0.000369463
2.165,Uy,0.000368178
2.17,Uy,0.000366899
2.175,Uy,0.000365625
2.18,Uy,0.000364357
2.185,Uy,0.000363095
2.19,Uy,0.000361838
2.195,Uy,0.000360586
2.2,Uy,0.000359336
2.205,Uy,0.000358049
2.21,Uy,0.000356886
2.215,Uy,0.000355663
2.22,Uy,0.000354441
2.225,Uy,0.000353224
2.23,Uy,0.000352012
2.235,Uy,0.000350806
2.24,Uy,0.000349606
2.245,Uy,0.000348411
2.25,Uy,0.000347222
2.255,Uy,0.000346037
2.26,Uy,0.000344857
2.265,Uy,0.000343677
2.27,Uy,0.00034252
2.275,Uy,0.000341357
2.28,Uy,0.000340199
2.285,Uy,0.000339046
2.29,Uy,0.000337898
2.295,Uy,0.000336754
2.3,Uy,0.000335617
2.305,Uy,0.000334486
2.31,Uy,0.000333358
2.315,Uy,0.000332238
2.32,Uy,0.000331122
2.325,Uy,0.00033001
2.33,Uy,0.000328904
2.335,Uy,0.000327802
2.34,Uy,0.000326705
2.345,Uy,0.000325613
2.35,Uy,0.000324526
2.355,Uy,0.000323443
2.36,Uy,0.000322364
2.365,Uy,0.000321289
2.37,Uy,0.000320226
2.375,Uy,0.000319162
2.38,Uy,0.000318104
2.385,Uy,0.000317052
2.39,Uy,0.000316007
2.395,Uy,0.000314969
2.4,Uy,0.000313938
2.405,Uy,0.00031294
2.41,Uy,0.000311863
2.415,Uy,0.000310848
2.42,Uy,0.000309834
2.425,Uy,0.000308825
2.43,Uy,0.000307823
2.435,Uy,0.000306827
2.44,Uy,0.000305835
2.445,Uy,0.000304848
2.45,Uy,0.000303868
2.455,Uy,0.000302891
2.46,Uy,0.00030192
2.465,Uy,0.000300957
2.47,Uy,0.000299999
2.475,Uy,0.000299051
2.48,Uy,0.000298091
2.485,Uy,0.000297173
2.49,Uy,0.000296199
2.495,Uy,0.000295234
2.5,Uy,0.00029431
2.505,Uy,0.000293382
2.51,Uy,0.000292458
2.515,Uy,0.000291535
2.52,Uy,0.000290616
2.525,Uy,0.0002897
2.53,Uy,0.000288787
2.535,Uy,0.000287878
2.54,Uy,0.000286972
2.545,Uy,0.000286069
2.55,Uy,0.00028517
2.555,Uy,0.000284273
2.56,Uy,0.000283379
2.565,Uy,0.000282492
2.57,Uy,0.000281605
2.575,Uy,0.000280727
2.58,Uy,0.00027985
2.585,Uy,0.000278974
2.59,Uy,0.000278102
2.595,Uy,0.000277232
2.6,Uy,0.000276364
2.605,Uy,0.000275506
2.61,Uy,0.000274649
2.615,Uy,0.000273794
2.62,Uy,0.000272942
2.625,Uy,0.000272093
2.63,Uy,0.000271247
2.635,Uy,0.000270404
2.64,Uy,0.000269565
2.645,Uy,0.00026873
2.65,Uy,0.000267897
2.655,Uy,0.000267067
2.66,Uy,0.00026624
2.665,Uy,0.000265416
2.67,Uy,0.000264596
2.675,Uy,0.000263779
2.68,Uy,0.000262964
2.685,Uy,0.000262153
2.69,Uy,0.000261344
2.695,Uy,0.000260539
2.7,Uy,0.000259736
2.705,Uy,0.000258936
2.71,Uy,0.000258141
2.715,Uy,0.000257348
2.72,Uy,0.000256558
2.725,Uy,0.000255772
2.73,Uy,0.000254989
2.735,Uy,0.000254209
2.74,Uy,0.000253432
2.745,Uy,0.000252661
2.75,Uy,0.000251894
2.755,Uy,0.000251131
2.76,Uy,0.00025037
2.765,Uy,0.000249612
2.77,Uy,0.000248857
2.775,Uy,0.000248106
2.78,Uy,0.000247357
2.785,Uy,0.000246611
2.79,Uy,0.000245869
2.795,Uy,0.00024513
2.8,Uy,0.000244394
2.805,Uy,0.000243662
2.81,Uy,0.000242932
2.815,Uy,0.000242205
2.82,Uy,0.00024148
2.825,Uy,0.000240757
2.83,Uy,0.000240039
2.835,Uy,0.000239323
2.84,Uy,0.000238607
2.845,Uy,0.000237899
2.85,Uy,0.000237193
2.855,Uy,0.000236486
2.86,Uy,0.000235788
2.865,Uy,0.00023509
2.87,Uy,0.000234394
2.875,Uy,0.000233699
2.88,Uy,0.000233007
2.885,Uy,0.000232321
2.89,Uy,0.00023164
2.895,Uy,0.000230958
2.9,Uy,0.000230282
2.905,Uy,0.000229609
2.91,Uy,0.000228938
2.915,Uy,0.000228269
2.92,Uy,0.000227602
2.925,Uy,0.000226938
2.93,Uy,0.000226276
2.935,Uy,0.000225617
2.94,Uy,0.000224959
2.945,Uy,0.000224304
2.95,Uy,0.000223649
2.955,Uy,0.000222993
2.96,Uy,0.000222343
2.965,Uy,0.000221695
2.97,Uy,0.00022105
2.975,Uy,0.000220407
2.98,Uy,0.000219766
2.985,Uy,0.000219128
2.99,Uy,0.000218491
2.995,Uy,0.000217856
3.0,Uy,0.000217212
3.005,Uy,0.000216583
3.01,Uy,0.000215956
3.015,Uy,0.00021533
3.02,Uy,0.000214706
3.025,Uy,0.000214085
3.03,Uy,0.000213464
3.035,Uy,0.000212846
3.04,Uy,0.00021223
3.045,Uy,0.000211615
3.05,Uy,0.000211001
3.055,Uy,0.000210385
3.06,Uy,0.00020976
3.065,Uy,0.000209171
3.07,Uy,0.000208575
3.075,Uy,0.000207968
3.08,Uy,0.000207332
3.085,Uy,0.000206793
3.09,Uy,0.000206185
3.095,Uy,0.000205588
3.1,Uy,0.00020499
3.105,Uy,0.000204375
3.11,Uy,0.00020384
3.115,Uy,0.000203244
3.12,Uy,0.000202658
3.125,Uy,0.000202075
3.13,Uy,0.000201495
3.135,Uy,0.000200918
3.14,Uy,0.000200343
3.145,Uy,0.00019977
3.15,Uy,0.000199199
3.155,Uy,0.000198631
3.16,Uy,0.000198064
3.165,Uy,0.000197499
3.17,Uy,0.000196933
3.175,Uy,0.000196355
3.18,Uy,0.000195814
3.185,Uy,0.000195274
3.19,Uy,0.000194718
3.195,Uy,0.000194164
3.2,Uy,0.000193609
3.205,Uy,0.000193036
3.21,Uy,0.000192526
3.215,Uy,0.000191983
3.22,Uy,0.000191434
3.225,Uy,0.000190891
3.23,Uy,0.00019035
3.235,Uy,0.000189811
3.24,Uy,0.000189274
3.245,Uy,0.000188739
3.25,Uy,0.000188206
3.255,Uy,0.000187675
3.26,Uy,0.000187145
3.265,Uy,0.000186617
3.27,Uy,0.000186091
3.275,Uy,0.000185566
3.28,Uy,0.000185043
3.285,Uy,0.000184523
3.29,Uy,0.000184004
3.295,Uy,0.000183487
3.3,Uy,0.000182971
3.305,Uy,0.000182457
3.31,Uy,0.000181945
3.315,Uy,0.000181435
3.32,Uy,0.000180926
3.325,Uy,0.000180418
3.33,Uy,0.000179912
3.335,Uy,0.000179408
3.34,Uy,0.000178906
3.345,Uy,0.000178405
3.35,Uy,0.000177906
3.355,Uy,0.000177407
3.36,Uy,0.000176909
3.365,Uy,0.0001764
3.37,Uy,0.000175927
3.375,Uy,0.000175437
3.38,Uy,0.000174945
3.385,Uy,0.000174452
3.39,Uy,0.000173943
3.395,Uy,0.000173509
3.4,Uy,0.000173014
3.405,Uy,0.000172531
3.41,Uy,0.000172049
3.415,Uy,0.000171569
3.42,Uy,0.000171092
3.425,Uy,0.000170617
3.43,Uy,0.000170143
3.435,Uy,0.00016967
3.44,Uy,0.000169201
3.445,Uy,0.000168733
3.45,Uy,0.000168267
3.455,Uy,0.000167802
3.46,Uy,0.000167338
3.465,Uy,0.000166876
3.47,Uy,0.000166415
3.475,Uy,0.000165955
3.48,Uy,0.000165497
3.485,Uy,0.00016504
3.49,Uy,0.000164585
3.495,Uy,0.00016413
3.5,Uy,0.000163677
3.505,Uy,0.000163226
3.51,Uy,0.000162776
3.515,Uy,0.000162327
3.52,Uy,0.000161879
3.525,Uy,0.000161432
3.53,Uy,0.000160987
3.535,Uy,0.000160543
3.54,Uy,0.0001601
3.545,Uy,0.000159659
3.55,Uy,0.000159219
3.555,Uy,0.000158782
3.56,Uy,0.000158345
3.565,Uy,0.000157906
3.57,Uy,0.000157477
3.575,Uy,0.000157044
3.58,Uy,0.000156613
3.585,Uy,0.000156183
3.59,Uy,0.000155754
3.595,Uy,0.000155321
3.6,Uy,0.000154901
3.605,Uy,0.000154482
3.61,Uy,0.000154058
3.615,Uy,0.000153636
3.62,Uy,0.000153215
3.625,Uy,0.000152796
3.63,Uy,0.000152377
3.635,Uy,0.00015196
3.64,Uy,0.000151545
3.645,Uy,0.000151131
3.65,Uy,0.000150718
3.655,Uy,0.000150306
3.66,Uy,0.000149896
3.665,Uy,0.000149487
3.67,Uy,0.000149079
3.675,Uy,0.000148672
3.68,Uy,0.000148266
3.685,Uy,0.000147861
3.69,Uy,0.000147457
3.695,Uy,0.000147055
3.7,Uy,0.000146654
3.705,Uy,0.000146253
3.71,Uy,0.000145855
3.715,Uy,0.000145457
3.72,Uy,0.00014506
3.725,Uy,0.000144655
3.73,Uy,0.000144276
3.735,Uy,0.000143887
3.74,Uy,0.000143491
3.745,Uy,0.000143091
3.75,Uy,0.000142702
3.755,Uy,0.000142313
3.76,Uy,0.000141926
3.765,Uy,0.000141539
3.77,Uy,0.000141153
3.775,Uy,0.000140769
3.78,Uy,0.000140384
3.785,Uy,0.000140011
3.79,Uy,0.000139623
3.795,Uy,0.000139243
3.8,Uy,0.000138864
3.805,Uy,0.000138485
3.81,Uy,0.000138106
3.815,Uy,0.000137714
3.82,Uy,0.000137377
3.825,Uy,0.000136975
3.83,Uy,0.000136647
3.835,Uy,0.000136251
3.84,Uy,0.000135879
3.845,Uy,0.000135484
3.85,Uy,0.000135169
3.855,Uy,0.000134772
3.86,Uy,0.000134409
3.865,Uy,0.000134019
3.87,Uy,0.000133704
3.875,Uy,0.000133311
3.88,Uy,0.000132949
3.885,Uy,0.000132571
3.89,Uy,0.000132239
3.895,Uy,0.00013186
3.9,Uy,0.000131508
3.905,Uy,0.000131136
3.91,Uy,0.000130801
3.915,Uy,0.000130418
3.92,Uy,0.00013006
3.925,Uy,0.000129718
3.93,Uy,0.000129384
3.935,Uy,0.000129022
3.94,Uy,0.000128689
3.945,Uy,0.000128321
3.95,Uy,0.000127989
3.955,Uy,0.000127624
3.96,Uy,0.000127293
3.965,Uy,0.00012693
3.97,Uy,0.000126604
3.975,Uy,0.000126244
3.98,Uy,0.000125915
3.985,Uy,0.000125558
3.99,Uy,0.000125236
3.995,Uy,0.00012488
4.0,Uy,0.000124555
4.005,Uy,0.000124202
4.01,Uy,0.000123883
4.015,Uy,0.000123532
4.02,Uy,0.00012321
4.025,Uy,0.000122862
4.03,Uy,0.000122544
4.035,Uy,0.000122198
4.04,Uy,0.00012188
4.045,Uy,0.000121536
4.05,Uy,0.000121221
4.055,Uy,0.000120879
4.06,Uy,0.000120565
4.065,Uy,0.000120224
4.07,Uy,0.000119913
4.075,Uy,0.000119575
4.08,Uy,0.000119264
4.085,Uy,0.000118928
4.09,Uy,0.00011862
4.095,Uy,0.000118286
4.1,Uy,0.000117978
4.105,Uy,0.000117646
4.11,Uy,0.000117341
4.115,Uy,0.00011701
4.12,Uy,0.000116707
4.125,Uy,0.000116378
4.13,Uy,0.000116077
4.135,Uy,0.00011575
4.14,Uy,0.000115451
4.145,Uy,0.000115126
4.15,Uy,0.000114829
4.155,Uy,0.000114507
4.16,Uy,0.000114211
4.165,Uy,0.00011389
4.17,Uy,0.000113596
4.175,Uy,0.000113277
4.18,Uy,0.000112985
4.185,Uy,0.000112668
4.19,Uy,0.000112378
4.195,Uy,0.000112063
4.2,Uy,0.000111774
4.205,Uy,0.000111461
4.21,Uy,0.000111174
4.215,Uy,0.000110863
4.22,Uy,0.000110578
4.225,Uy,0.000110269
4.23,Uy,0.000109986
4.235,Uy,0.000109679
4.24,Uy,0.000109397
4.245,Uy,0.000109092
4.25,Uy,0.000108811
4.255,Uy,0.000108508
4.26,Uy,0.000108229
4.265,Uy,0.000107928
4.27,Uy,0.000107652
4.275,Uy,0.000107353
4.28,Uy,0.000107081
4.285,Uy,0.000106778
4.29,Uy,0.0001065
4.295,Uy,0.000106193
4.3,Uy,0.000105923
4.305,Uy,0.000105628
4.31,Uy,0.000105357
4.315,Uy,0.000105064
4.32,Uy,0.000104794
4.325,Uy,0.000104503
4.33,Uy,0.000104233
4.335,Uy,0.000103943
4.34,Uy,0.000103676
4.345,Uy,0.000103387
4.35,Uy,0.00010312
4.355,Uy,0.000102833
4.36,Uy,0.000102569
4.365,Uy,0.000102283
4.37,Uy,0.000102019
4.375,Uy,0.000101733
4.38,Uy,0.000101461
4.385,Uy,0.000101199
4.39,Uy,0.000100932
4.395,Uy,0.000100653
4.4,Uy,0.000100395
4.405,Uy,0.000100114
4.41,Uy,9.98541e-05
4.415,Uy,9.9576e-05
4.42,Uy,9.93215e-05
4.425,Uy,9.90439e-05
4.43,Uy,9.87872e-05
4.435,Uy,9.85122e-05
4.44,Uy,9.82602e-05
4.445,Uy,9.7986e-05
4.45,Uy,9.77319e-05
4.455,Uy,9.74601e-05
4.46,Uy,9.72107e-05
4.465,Uy,9.69394e-05
4.47,Uy,9.66885e-05
4.475,Uy,9.64197e-05
4.48,Uy,9.61729e-05
4.485,Uy,9.59049e-05
4.49,Uy,9.56573e-05
4.495,Uy,9.53918e-05
4.5,Uy,9.51472e-05
4.505,Uy,9.48734e-05
4.51,Uy,9.46255e-05
4.515,Uy,9.43679e-05
4.52,Uy,9.41233e-05
4.525,Uy,9.38592e-05
4.53,Uy,9.36097e-05
4.535,Uy,9.33509e-05
4.54,Uy,9.3111e-05
4.545,Uy,9.28527e-05
4.55,Uy,9.26142e-05
4.555,Uy,9.23566e-05
4.56,Uy,9.21185e-05
4.565,Uy,9.18623e-05
4.57,Uy,9.16258e-05
4.575,Uy,9.13714e-05
4.58,Uy,9.11349e-05
4.585,Uy,9.08821e-05
4.59,Uy,9.06479e-05
4.595,Uy,9.03963e-05
4.6,Uy,9.01626e-05
4.605,Uy,8.99129e-05
4.61,Uy,8.96817e-05
4.615,Uy,8.9434e-05
4.62,Uy,8.92041e-05
4.625,Uy,8.8949e-05
4.63,Uy,8.87183e-05
4.635,Uy,8.84708e-05
4.64,Uy,8.82328e-05
4.645,Uy,8.79902e-05
4.65,Uy,8.7764e-05
4.655,Uy,8.75209e-05
4.66,Uy,8.72947e-05
4.665,Uy,8.70526e-05
4.67,Uy,8.68277e-05
4.675,Uy,8.65865e-05
4.68,Uy,8.63625e-05
4.685,Uy,8.61229e-05
4.69,Uy,8.59004e-05
4.695,Uy,8.56619e-05
4.7,Uy,8.54403e-05
4.705,Uy,8.52033e-05
4.71,Uy,8.49832e-05
4.715,Uy,8.47477e-05
4.72,Uy,8.45289e-05
4.725,Uy,8.42959e-05
4.73,Uy,8.40872e-05
4.735,Uy,8.38483e-05
4.74,Uy,8.36234e-05
4.745,Uy,8.33897e-05
4.75,Uy,8.31777e-05
4.755,Uy,8.29499e-05
4.76,Uy,8.27304e-05
4.765,Uy,8.24951e-05
4.77,Uy,8.22819e-05
4.775,Uy,8.20519e-05
4.78,Uy,8.18334e-05
4.785,Uy,8.16055e-05
4.79,Uy,8.13926e-05
4.795,Uy,8.11621e-05
4.8,Uy,8.09549e-05
4.805,Uy,8.07407e-05
4.81,Uy,8.05322e-05
4.815,Uy,8.03063e-05
4.82,Uy,8.01008e-05
4.825,Uy,7.98759e-05
4.83,Uy,7.96659e-05
4.835,Uy,7.94447e-05
4.84,Uy,7.92403e-05
4.845,Uy,7.90196e-05
4.85,Uy,7.88127e-05
4.855,Uy,7.85939e-05
4.86,Uy,7.83916e-05
4.865,Uy,7.8173e-05
4.87,Uy,7.79688e-05
4.875,Uy,7.77524e-05
4.88,Uy,7.75521e-05
4.885,Uy,7.73361e-05
4.89,Uy,7.71344e-05
4.895,Uy,7.69203e-05
4.9,Uy,7.67219e-05
4.905,Uy,7.65082e-05
4.91,Uy,7.63088e-05
4.915,Uy,7.60969e-05
4.92,Uy,7.59003e-05
4.925,Uy,7.5689e-05
4.93,Uy,7.54919e-05
4.935,Uy,7.52821e-05
4.94,Uy,7.50875e-05
4.945,Uy,7.48784e-05
4.95,Uy,7.46835e-05
4.955,Uy,7.4476e-05
4.96,Uy,7.42832e-05
4.965,Uy,7.40764e-05
4.97,Uy,7.38837e-05
4.975,Uy,7.36784e-05
4.98,Uy,7.34875e-05
4.985,Uy,7.3283e-05
4.99,Uy,7.30924e-05
4.995,Uy,7.28892e-05
5.0,Uy,7.27003e-05
0.005,p,1.0
0.005,p,0.128638
0.01,p,0.118019
0.01,p,0.0164748
0.015,p,0.0656075
0.015,p,0.0115888
0.02,p,0.044175
0.02,p,0.00858446
0.025,p,0.0358096
0.025,p,0.00731349
0.03,p,0.0308454
0.03,p,0.00612823
0.035,p,0.0268664
0.035,p,0.00516025
0.04,p,0.0235838
0.04,p,0.00446048
0.045,p,0.0210513
0.045,p,0.00381059
0.05,p,0.0189144
0.05,p,0.0033166
0.055,p,0.0188881
0.055,p,0.003047
0.06,p,0.0163146
0.06,p,0.00282252
0.065,p,0.0163269
0.065,p,0.00275272
0.07,p,0.0124407
0.07,p,0.00223781
0.075,p,0.0125418
0.075,p,0.00206581
0.08,p,0.0107239
0.08,p,0.00183303
0.085,p,0.00978309
0.085,p,0.00166512
0.09,p,0.00931802
0.09,p,0.00152106
0.095,p,0.00759007
0.095,p,0.00141094
0.1,p,0.00716064
0.1,p,0.00132005
0.105,p,0.00640018
0.105,p,0.00124444
0.11,p,0.00600552
0.11,p,0.00117495
0.115,p,0.0056597
0.115,p,0.0011001
0.12,p,0.00531357
0.12,p,0.00104242
0.125,p,0.00502548
0.125,p,0.000985226
0.13,p,0.00477006
0.13,p,0.000940416
0.135,p,0.00453998
0.135,p,0.000896802
0.14,p,0.00434047
0.14,p,0.000855885
0.145,p,0.00413664
0.145,p,0.000827421
0.15,p,0.00397662
0.15,p,0.000796185
0.155,p,0.00386314
0.155,p,0.000766389
0.16,p,0.00370563
0.16,p,0.000741149
0.165,p,0.00353717
0.165,p,0.000718044
0.17,p,0.00342571
0.17,p,0.000696338
0.175,p,0.00331484
0.175,p,0.000674123
0.18,p,0.00349579
0.18,p,0.000693765
0.185,p,0.00314292
0.185,p,0.000645131
0.19,p,0.00305764
0.19,p,0.000625381
0.195,p,0.00298855
0.195,p,0.000611271
0.2,p,0.00294457
0.2,p,0.000598441
0.205,p,0.00307777
0.205,p,0.000629471
0.21,p,0.00274925
0.21,p,0.000560575
0.215,p,0.00308824
0.215,p,0.000567724
0.22,p,0.00275057
0.22,p,0.000542841
0.225,p,0.00254604
0.225,p,0.000530893
0.23,p,0.00250165
0.23,p,0.000520493
0.235,p,0.00264226
0.235,p,0.000522029
0.24,p,0.00259686
0.24,p,0.000505571
0.245,p,0.00234383
0.245,p,0.000489278
0.25,p,0.00229953
0.25,p,0.000479802
0.255,p,0.00230547
0.255,p,0.000474517
0.26,p,0.00221885
0.26,p,0.000464133
0.265,p,0.00216335
0.265,p,0.000454898
0.27,p,0.00212503
0.27,p,0.000447026
0.275,p,0.00208487
0.275,p,0.000439575
0.28,p,0.00204812
0.28,p,0.000432022
0.285,p,0.0020187
0.285,p,0.000425152
0.29,p,0.0019822
0.29,p,0.000417963
0.295,p,0.00194517
0.295,p,0.000411549
0.3,p,0.00191341
0.3,p,0.000404411
0.305,p,0.00220603
0.305,p,0.000410756
0.31,p,0.00228502
0.31,p,0.000443955
0.315,p,0.00186623
0.315,p,0.000387122
0.32,p,0.00181196
0.32,p,0.000381415
0.325,p,0.00178825
0.325,p,0.000375903
0.33,p,0.00174118
0.33,p,0.000370552
0.335,p,0.00171638
0.335,p,0.000365541
0.34,p,0.00169366
0.34,p,0.000360586
0.345,p,0.0016775
0.345,p,0.000355879
0.35,p,0.00165676
0.35,p,0.000367353
0.355,p,0.00163539
0.355,p,0.00036411
0.36,p,0.00161776
0.36,p,0.000357585
0.365,p,0.00158479
0.365,p,0.000354663
0.37,p,0.00156166
0.37,p,0.000350006
0.375,p,0.00155091
0.375,p,0.000346253
0.38,p,0.00153054
0.38,p,0.000340538
0.385,p,0.00152418
0.385,p,0.000336567
0.39,p,0.00154705
0.39,p,0.000331943
0.395,p,0.00151359
0.395,p,0.000329446
0.4,p,0.00144982
0.4,p,0.000324925
0.405,p,0.0014348
0.405,p,0.000320966
0.41,p,0.00142192
0.41,p,0.000317174
0.415,p,0.00141545
0.415,p,0.000313503
0.42,p,0.001454
0.42,p,0.000312363
0.425,p,0.00140116
0.425,p,0.000306573
0.43,p,0.00147322
0.43,p,0.000302251
0.435,p,0.00134888
0.435,p,0.000298811
0.44,p,0.00140185
0.44,p,0.000293828
0.445,p,0.00138856
0.445,p,0.000295101
0.45,p,0.00130069
0.45,p,0.000289909
0.455,p,0.0012876
0.455,p,0.000286739
0.46,p,0.00127443
0.46,p,0.000283861
0.465,p,0.00126285
0.465,p,0.000281049
0.47,p,0.0012504
0.47,p,0.000278314
0.475,p,0.00124623
0.475,p,0.000275711
0.48,p,0.00123145
0.48,p,0.000272866
0.485,p,0.00121443
0.485,p,0.00027037
0.49,p,0.00120458
0.49,p,0.000267968
0.495,p,0.00121582
0.495,p,0.000265184
0.5,p,0.00122086
0.5,p,0.000262641
0.505,p,0.0012282
0.505,p,0.000260964
0.51,p,0.00131507
0.51,p,0.000262207
0.515,p,0.00129839
0.515,p,0.000257615
0.52,p,0.00120554
0.52,p,0.00025581
0.525,p,0.00131968
0.525,p,0.000256025
0.53,p,0.0011328
0.53,p,0.000247932
0.535,p,0.00111923
0.535,p,0.000247024
0.54,p,0.00109997
0.54,p,0.000244231
0.545,p,0.00112826
0.545,p,0.00024159
0.55,p,0.0011446
0.55,p,0.000241228
0.555,p,0.00111185
0.555,p,0.000237309
0.56,p,0.00109336
0.56,p,0.000236495
0.565,p,0.00111936
0.565,p,0.00023914
0.57,p,0.00103828
0.57,p,0.000232895
0.575,p,0.00103059
0.575,p,0.000230136
0.58,p,0.00108012
0.58,p,0.000228258
0.585,p,0.00107434
0.585,p,0.000226075
0.59,p,0.00100561
0.59,p,0.00022436
0.595,p,0.00100002
0.595,p,0.000222508
0.6,p,0.000992943
0.6,p,0.000220523
0.605,p,0.000981238
0.605,p,0.000218755
0.61,p,0.000975223
0.61,p,0.000217077
0.615,p,0.000981964
0.615,p,0.000215633
0.62,p,0.000979611
0.62,p,0.000214198
0.625,p,0.00095746
0.625,p,0.000212332
0.63,p,0.000946011
0.63,p,0.000210766
0.635,p,0.000953741
0.635,p,0.000209238
0.64,p,0.000932407
0.64,p,0.00020757
0.645,p,0.000925643
0.645,p,0.000208457
0.65,p,0.000928193
0.65,p,0.000207194
0.655,p,0.000925289
0.655,p,0.000205424
0.66,p,0.000914638
0.66,p,0.000204129
0.665,p,0.000909202
0.665,p,0.000201998
0.67,p,0.000897836
0.67,p,0.000200396
0.675,p,0.00088758
0.675,p,0.000199107
0.68,p,0.000881403
0.68,p,0.00019738
0.685,p,0.000878179
0.685,p,0.000195968
0.69,p,0.000892958
0.69,p,0.000194848
0.695,p,0.00100443
0.695,p,0.000203517
0.7,p,0.00109483
0.7,p,0.000198382
0.705,p,0.000944934
0.705,p,0.000195317
0.71,p,0.000843541
0.71,p,0.000188577
0.715,p,0.000838348
0.715,p,0.000187567
0.72,p,0.000832703
0.72,p,0.000186244
0.725,p,0.000828142
0.725,p,0.000184884
0.73,p,0.000834936
0.73,p,0.00018327
0.735,p,0.00083646
0.735,p,0.000182318
0.74,p,0.000810831
0.74,p,0.000181192
0.745,p,0.000819851
0.745,p,0.00018066
0.75,p,0.000814311
0.75,p,0.000178484
0.755,p,0.000794398
0.755,p,0.000177479
0.76,p,0.000789102
0.76,p,0.000176208
0.765,p,0.000783935
0.765,p,0.000174981
0.77,p,0.00077881
0.77,p,0.000173713
0.775,p,0.000779982
0.775,p,0.000172362
0.78,p,0.000772472
0.78,p,0.000171156
0.785,p,0.000772573
0.785,p,0.000171652
0.79,p,0.000767881
0.79,p,0.000170675
0.795,p,0.000768375
0.795,p,0.000169428
0.8,p,0.000769649
0.8,p,0.000168244
0.805,p,0.000772067
0.805,p,0.000167175
0.81,p,0.000780016
0.81,p,0.000169468
0.815,p,0.000796186
0.815,p,0.000169165
0.82,p,0.000864113
0.82,p,0.000168399
0.825,p,0.000808083
0.825,p,0.000169144
0.83,p,0.000853197
0.83,p,0.000170098
0.835,p,0.00076253
0.835,p,0.000161287
0.84,p,0.000717912
0.84,p,0.000160354
0.845,p,0.000909097
0.845,p,0.000171282
0.85,p,0.000731659
0.85,p,0.00015831
0.855,p,0.000743039
0.855,p,0.000157331
0.86,p,0.000701888
0.86,p,0.000156516
0.865,p,0.000696905
0.865,p,0.000155703
0.87,p,0.000692018
0.87,p,0.000154788
0.875,p,0.000687482
0.875,p,0.000153921
0.88,p,0.000684159
0.88,p,0.000153059
0.885,p,0.000706975
0.885,p,0.000153651
0.89,p,0.000717468
0.89,p,0.000151938
0.895,p,0.000675444
0.895,p,0.000150207
0.9,p,0.000667282
0.9,p,0.000149472
0.905,p,0.000661758
0.905,p,0.000148835
0.91,p,0.000658008
0.91,p,0.000148039
0.915,p,0.000653642
0.915,p,0.000147167
0.92,p,0.000650085
0.92,p,0.000146334
0.925,p,0.000648731
0.925,p,0.000145537
0.93,p,0.000645134
0.93,p,0.000144597
0.935,p,0.000639574
0.935,p,0.000143858
0.94,p,0.000636219
0.94,p,0.000143026
0.945,p,0.000637576
0.945,p,0.000142574
0.95,p,0.000635019
0.95,p,0.000141582
0.955,p,0.000672578
0.955,p,0.000142642
0.96,p,0.000692423
0.96,p,0.000143384
0.965,p,0.000642116
0.965,p,0.000138797
0.97,p,0.000618251
0.97,p,0.000138138
0.975,p,0.000612516
0.975,p,0.000137512
0.98,p,0.000609523
0.98,p,0.000136749
0.985,p,0.000606038
0.985,p,0.000135966
0.99,p,0.000602827
0.99,p,0.000135195
0.995,p,0.000599638
0.995,p,0.000134436
1.0,p,0.000596465
1.0,p,0.000133681
1.005,p,0.000593293
1.005,p,0.000132935
1.01,p,0.000590131
1.01,p,0.000132192
1.015,p,0.00058776
1.015,p,0.000131436
1.02,p,0.000609057
1.02,p,0.000134195
1.025,p,0.00060805
1.025,p,0.000132524
1.03,p,0.000579373
1.03,p,0.000128996
1.035,p,0.00057716
1.035,p,0.000128327
1.04,p,0.000585744
1.04,p,0.000130198
1.045,p,0.000646808
1.045,p,0.000134696
1.05,p,0.000670607
1.05,p,0.000134117
1.055,p,0.000642011
1.055,p,0.000129927
1.06,p,0.000648801
1.06,p,0.000133662
1.065,p,0.000555421
1.065,p,0.000124258
1.07,p,0.000552807
1.07,p,0.00012376
1.075,p,0.000549843
1.075,p,0.000123135
1.08,p,0.000546972
1.08,p,0.000122527
1.085,p,0.000544108
1.085,p,0.000121915
1.09,p,0.000541348
1.09,p,0.000121302
1.095,p,0.000541401
1.095,p,0.000122635
1.1,p,0.000544677
1.1,p,0.000120409
1.105,p,0.000538454
1.105,p,0.000120549
1.11,p,0.000530274
1.11,p,0.000120633
1.115,p,0.000527519
1.115,p,0.000119965
1.12,p,0.000526255
1.12,p,0.000119337
1.125,p,0.00052411
1.125,p,0.000118635
1.13,p,0.000519888
1.13,p,0.00011796
1.135,p,0.000517517
1.135,p,0.000117278
1.14,p,0.000516388
1.14,p,0.000116578
1.145,p,0.000515718
1.145,p,0.000115865
1.15,p,0.000515709
1.15,p,0.000115155
1.155,p,0.000519852
1.155,p,0.000114492
1.16,p,0.000546462
1.16,p,0.00011452
1.165,p,0.000558872
1.165,p,0.000113681
1.17,p,0.000546555
1.17,p,0.000112816
1.175,p,0.000601311
1.175,p,0.000120131
1.18,p,0.000563112
1.18,p,0.000116688
1.185,p,0.000540697
1.185,p,0.000113559
1.19,p,0.000619806
1.19,p,0.000119153
1.195,p,0.000490015
1.195,p,0.000109655
1.2,p,0.000483932
1.2,p,0.000109769
1.205,p,0.000503973
1.205,p,0.000110559
1.21,p,0.000505628
1.21,p,0.000108997
1.215,p,0.000476127
1.215,p,0.000107956
1.22,p,0.000477209
1.22,p,0.000107201
1.225,p,0.000475577
1.225,p,0.000106854
1.23,p,0.00047082
1.23,p,0.000106272
1.235,p,0.000467739
1.235,p,0.000105695
1.24,p,0.000465399
1.24,p,0.000105155
1.245,p,0.000466421
1.245,p,0.000104616
1.25,p,0.000464284
1.25,p,0.000103962
1.255,p,0.000465793
1.255,p,0.000103373
1.26,p,0.000479865
1.26,p,0.000103222
1.265,p,0.000480027
1.265,p,0.000102455
1.27,p,0.00045268
1.27,p,0.000101946
1.275,p,0.000449987
1.275,p,0.000101428
1.28,p,0.000447571
1.28,p,0.000100919
1.285,p,0.000448537
1.285,p,0.00010024
1.29,p,0.000453694
1.29,p,9.97493e-05
1.295,p,0.000457503
1.295,p,9.91069e-05
1.3,p,0.000439469
1.3,p,9.89336e-05
1.305,p,0.000445352
1.305,p,9.8785e-05
1.31,p,0.000450689
1.31,p,9.89467e-05
1.315,p,0.000440525
1.315,p,9.82499e-05
1.32,p,0.000430734
1.32,p,9.68996e-05
1.325,p,0.000428622
1.325,p,9.63984e-05
1.33,p,0.0004266
1.33,p,9.59e-05
1.335,p,0.000424584
1.335,p,9.5347e-05
1.34,p,0.000435571
1.34,p,9.47255e-05
1.345,p,0.000429294
1.345,p,9.44548e-05
1.35,p,0.000431724
1.35,p,9.42465e-05
1.355,p,0.000424623
1.355,p,9.3735e-05
1.36,p,0.000446897
1.36,p,0.000125817
1.365,p,0.000423542
1.365,p,0.000125594
1.37,p,0.000421332
1.37,p,0.000125133
1.375,p,0.000419315
1.375,p,0.000124561
1.38,p,0.00041731
1.38,p,0.000123991
1.385,p,0.00041533
1.385,p,0.000123427
1.39,p,0.000413384
1.39,p,0.000122866
1.395,p,0.00041146
1.395,p,0.000122308
1.4,p,0.000409544
1.4,p,0.000121755
1.405,p,0.000407635
1.405,p,0.000121204
1.41,p,0.000405736
1.41,p,0.00012066
1.415,p,0.000403856
1.415,p,0.000120115
1.42,p,0.000402052
1.42,p,0.000119561
1.425,p,0.00040303
1.425,p,0.000118965
1.43,p,0.000431379
1.43,p,0.000118547
1.435,p,0.000430266
1.435,p,0.000118206
1.44,p,0.000396172
1.44,p,0.000117372
1.445,p,0.000392572
1.445,p,0.000116964
1.45,p,0.000390732
1.45,p,0.000116437
1.455,p,0.000388923
1.455,p,0.000115917
1.46,p,0.000387123
1.46,p,0.000115402
1.465,p,0.000385344
1.465,p,0.000114884
1.47,p,0.000383692
1.47,p,0.00011444
1.475,p,0.000381858
1.475,p,0.00011391
1.48,p,0.000380087
1.48,p,0.000113377
1.485,p,0.000378327
1.485,p,0.000112878
1.49,p,0.000376592
1.49,p,0.00011238
1.495,p,0.000374951
1.495,p,0.000111936
1.5,p,0.00037389
1.5,p,0.000111398
1.505,p,0.000375828
1.505,p,0.000110781
1.51,p,0.000383766
1.51,p,0.000110472
1.515,p,0.000390791
1.515,p,0.00011003
1.52,p,0.000366468
1.52,p,0.000109397
1.525,p,0.000364523
1.525,p,0.000108855
1.53,p,0.000363903
1.53,p,0.000108368
1.535,p,0.000364451
1.535,p,0.000107881
1.54,p,0.000373944
1.54,p,0.000107773
1.545,p,0.000374525
1.545,p,0.000109399
1.55,p,0.000394478
1.55,p,0.000110756
1.555,p,0.000355373
1.555,p,0.000106111
1.56,p,0.000353266
1.56,p,0.000105687
1.565,p,0.000351738
1.565,p,0.00010526
1.57,p,0.000350081
1.57,p,0.000104666
1.575,p,0.000352168
1.575,p,0.000104031
1.58,p,0.000362156
1.58,p,0.000103492
1.585,p,0.00037452
1.585,p,0.000104042
1.59,p,0.000352499
1.59,p,0.00010351
1.595,p,0.000341974
1.595,p,0.000102375
1.6,p,0.000340436
1.6,p,0.000101922
1.605,p,0.000338981
1.605,p,0.000101478
1.61,p,0.000338029
1.61,p,0.000101031
1.615,p,0.000337507
1.615,p,0.000100584
1.62,p,0.00033885
1.62,p,0.000100194
1.625,p,0.00033803
1.625,p,9.9756e-05
1.63,p,0.000337549
1.63,p,9.92773e-05
1.635,p,0.000337451
1.635,p,9.88733e-05
1.64,p,0.000340131
1.64,p,0.000100055
1.645,p,0.0003468
1.645,p,9.99871e-05
1.65,p,0.000366189
1.65,p,0.000100694
1.655,p,0.000353453
1.655,p,7.03001e-05
1.66,p,0.000364525
1.66,p,7.06776e-05
1.665,p,0.00040237
1.665,p,7.6391e-05
1.67,p,0.000309341
1.67,p,6.46177e-05
1.675,p,0.000306284
1.675,p,6.46949e-05
1.68,p,0.000304947
1.68,p,6.44802e-05
1.685,p,0.000303878
1.685,p,6.42432e-05
1.69,p,0.000302565
1.69,p,6.39705e-05
1.695,p,0.0003013
1.695,p,6.37061e-05
1.7,p,0.000300028
1.7,p,6.34415e-05
1.705,p,0.000298752
1.705,p,6.31777e-05
1.71,p,0.000297477
1.71,p,6.29138e-05
1.715,p,0.000296205
1.715,p,6.26501e-05
1.72,p,0.000294933
1.72,p,6.23869e-05
1.725,p,0.000293663
1.725,p,6.2124e-05
1.73,p,0.000292407
1.73,p,6.18626e-05
1.735,p,0.000291169
1.735,p,6.1603e-05
1.74,p,0.000289956
1.74,p,6.13441e-05
1.745,p,0.00028877
1.745,p,6.10858e-05
1.75,p,0.000287489
1.75,p,6.08416e-05
1.755,p,0.000286209
1.755,p,6.05841e-05
1.76,p,0.000284997
1.76,p,6.03291e-05
1.765,p,0.00028379
1.765,p,6.00788e-05
1.77,p,0.000282587
1.77,p,5.98294e-05
1.775,p,0.000281564
1.775,p,5.95935e-05
1.78,p,0.00028044
1.78,p,5.93492e-05
1.785,p,0.000279074
1.785,p,5.90892e-05
1.79,p,0.00027791
1.79,p,5.88442e-05
1.795,p,0.000276762
1.795,p,5.86009e-05
1.8,p,0.000275629
1.8,p,5.83589e-05
1.805,p,0.000274505
1.805,p,5.81193e-05
1.81,p,0.000273391
1.81,p,5.78856e-05
1.815,p,0.000272515
1.815,p,5.7666e-05
1.82,p,0.000271389
1.82,p,5.73836e-05
1.825,p,0.00027001
1.825,p,5.71747e-05
1.83,p,0.000268878
1.83,p,5.69362e-05
1.835,p,0.000267763
1.835,p,5.669e-05
1.84,p,0.00026813
1.84,p,5.63389e-05
1.845,p,0.000267447
1.845,p,5.63049e-05
1.85,p,0.000264578
1.85,p,5.60067e-05
1.855,p,0.000263451
1.855,p,5.57684e-05
1.86,p,0.000262768
1.86,p,5.55888e-05
1.865,p,0.000261461
1.865,p,5.5319e-05
1.87,p,0.000260336
1.87,p,5.50827e-05
1.875,p,0.000259307
1.875,p,5.48558e-05
1.88,p,0.000258297
1.88,p,5.46312e-05
1.885,p,0.000257303
1.885,p,5.44077e-05
1.89,p,0.000256328
1.89,p,5.41859e-05
1.895,p,0.000255377
1.895,p,5.39672e-05
1.9,p,0.000254372
1.9,p,5.37461e-05
1.905,p,0.000255314
1.905,p,5.35157e-05
1.91,p,0.000254076
1.91,p,5.31932e-05
1.915,p,0.000250866
1.915,p,5.30118e-05
1.92,p,0.000251353
1.92,p,5.27747e-05
1.925,p,0.000284372
1.925,p,5.52376e-05
1.93,p,0.000289014
1.93,p,5.47953e-05
1.935,p,0.000251154
1.935,p,5.21076e-05
1.94,p,0.000245094
1.94,p,5.19742e-05
1.945,p,0.000245047
1.945,p,5.17537e-05
1.95,p,0.000266584
1.95,p,5.26224e-05
1.955,p,0.000270947
1.955,p,5.23349e-05
1.96,p,0.0002455
1.96,p,5.12026e-05
1.965,p,0.000285339
1.965,p,5.35686e-05
1.97,p,0.000291977
1.97,p,5.43659e-05
1.975,p,0.000238515
1.975,p,5.05095e-05
1.98,p,0.000237561
1.98,p,5.03252e-05
1.985,p,0.000236569
1.985,p,5.01244e-05
1.99,p,0.000235618
1.99,p,4.99251e-05
1.995,p,0.000234641
1.995,p,4.97246e-05
2.0,p,0.000234888
2.0,p,4.95101e-05
2.005,p,0.000260788
2.005,p,5.11421e-05
2.01,p,0.000262561
2.01,p,5.09804e-05
2.015,p,0.000230902
2.015,p,4.89229e-05
2.02,p,0.000229937
2.02,p,4.87466e-05
2.025,p,0.000229026
2.025,p,4.85483e-05
2.03,p,0.000228142
2.03,p,4.8356e-05
2.035,p,0.000227508
2.035,p,4.81625e-05
2.04,p,0.00022804
2.04,p,4.79656e-05
2.045,p,0.000235249
2.045,p,4.78305e-05
2.05,p,0.000226605
2.05,p,4.76241e-05
2.055,p,0.000239314
2.055,p,4.7935e-05
2.06,p,0.000223533
2.06,p,4.71983e-05
2.065,p,0.000221908
2.065,p,4.70366e-05
2.07,p,0.000221058
2.07,p,4.6851e-05
2.075,p,0.000220195
2.075,p,4.66679e-05
2.08,p,0.000219605
2.08,p,4.6486e-05
2.085,p,0.000221104
2.085,p,4.63252e-05
2.09,p,0.000217696
2.09,p,4.61267e-05
2.095,p,0.000219522
2.095,p,4.59507e-05
2.1,p,0.000216039
2.1,p,4.57759e-05
2.105,p,0.000215171
2.105,p,4.56007e-05
2.11,p,0.00021442
2.11,p,4.54191e-05
2.115,p,0.000213807
2.115,p,4.52342e-05
2.12,p,0.000213865
2.12,p,4.50193e-05
2.125,p,0.000215927
2.125,p,4.49099e-05
2.13,p,0.00021765
2.13,p,4.549e-05
2.135,p,0.000210223
2.135,p,4.45425e-05
2.14,p,0.000209383
2.14,p,4.43898e-05
2.145,p,0.000208633
2.145,p,4.42243e-05
2.15,p,0.000207857
2.15,p,4.40615e-05
2.155,p,0.000207093
2.155,p,4.38986e-05
2.16,p,0.000206318
2.16,p,4.37363e-05
2.165,p,0.000205555
2.165,p,4.35742e-05
2.17,p,0.000204783
2.17,p,4.34122e-05
2.175,p,0.000204028
2.175,p,4.325e-05
2.18,p,0.000203269
2.18,p,4.30877e-05
2.185,p,0.000202825
2.185,p,4.29229e-05
2.19,p,0.000202878
2.19,p,4.27484e-05
2.195,p,0.000205371
2.195,p,4.25548e-05
2.2,p,0.000240712
2.2,p,4.51946e-05
2.205,p,0.000249996
2.205,p,4.64326e-05
2.21,p,0.000202203
2.21,p,4.19977e-05
2.215,p,0.000197897
2.215,p,4.19354e-05
2.22,p,0.00019713
2.22,p,4.17952e-05
2.225,p,0.000196663
2.225,p,4.16605e-05
2.23,p,0.000195679
2.23,p,4.15e-05
2.235,p,0.000195499
2.235,p,4.14049e-05
2.24,p,0.000194354
2.24,p,4.12068e-05
2.245,p,0.000193764
2.245,p,4.10635e-05
2.25,p,0.000193038
2.25,p,4.09122e-05
2.255,p,0.000193503
2.255,p,4.07912e-05
2.26,p,0.000200937
2.26,p,4.09765e-05
2.265,p,0.000202757
2.265,p,4.09341e-05
2.27,p,0.000190131
2.27,p,4.0314e-05
2.275,p,0.000189759
2.275,p,4.01898e-05
2.28,p,0.00018899
2.28,p,4.00324e-05
2.285,p,0.000189214
2.285,p,3.99505e-05
2.29,p,0.000189509
2.29,p,3.98813e-05
2.295,p,0.00018721
2.295,p,3.95988e-05
2.3,p,0.000189239
2.3,p,3.96906e-05
2.305,p,0.00018525
2.305,p,3.93042e-05
2.31,p,0.000184549
2.31,p,3.91673e-05
2.315,p,0.000183922
2.315,p,3.90263e-05
2.32,p,0.00018341
2.32,p,3.88992e-05
2.325,p,0.000182659
2.325,p,3.87449e-05
2.33,p,0.000182097
2.33,p,3.86111e-05
2.335,p,0.000181221
2.335,p,3.84683e-05
2.34,p,0.000180567
2.34,p,3.83333e-05
2.345,p,0.000179951
2.345,p,3.81996e-05
2.35,p,0.000179487
2.35,p,3.8072e-05
2.355,p,0.00017979
2.355,p,3.79925e-05
2.36,p,0.000180063
2.36,p,3.79074e-05
2.365,p,0.000180633
2.365,p,3.76129e-05
2.37,p,0.000176896
2.37,p,3.75245e-05
2.375,p,0.00017621
2.375,p,3.74151e-05
2.38,p,0.000175632
2.38,p,3.72964e-05
2.385,p,0.00017561
2.385,p,3.7195e-05
2.39,p,0.000175913
2.39,p,3.71309e-05
2.395,p,0.000178691
2.395,p,3.71747e-05
2.4,p,0.000208505
2.4,p,4.0267e-05
2.405,p,0.000217829
2.405,p,4.13026e-05
2.41,p,0.000172425
2.41,p,3.64065e-05
2.415,p,0.00017128
2.415,p,3.63225e-05
2.42,p,0.000170892
2.42,p,3.62e-05
2.425,p,0.000170512
2.425,p,3.60735e-05
2.43,p,0.000170185
2.43,p,3.59501e-05
2.435,p,0.000169941
2.435,p,3.5828e-05
2.44,p,0.000169822
2.44,p,3.57062e-05
2.445,p,0.000169878
2.445,p,3.55852e-05
2.45,p,0.000170164
2.45,p,3.54697e-05
2.455,p,0.00017099
2.455,p,3.59336e-05
2.46,p,0.000171958
2.46,p,3.57973e-05
2.465,p,0.000175212
2.465,p,3.57748e-05
2.47,p,0.000181685
2.47,p,3.59385e-05
2.475,p,0.000224132
2.475,p,3.8935e-05
2.48,p,0.00020778
2.48,p,3.92131e-05
2.485,p,0.000185676
2.485,p,3.69417e-05
2.49,p,0.000207429
2.49,p,3.91648e-05
2.495,p,0.00016401
2.495,p,3.47121e-05
2.5,p,0.000161301
2.5,p,3.48271e-05
2.505,p,0.000161414
2.505,p,3.41534e-05
2.51,p,0.000160927
2.51,p,3.40515e-05
2.515,p,0.000160245
2.515,p,3.3941e-05
2.52,p,0.000159908
2.52,p,3.38458e-05
2.525,p,0.000159196
2.525,p,3.37213e-05
2.53,p,0.000158464
2.53,p,3.36027e-05
2.535,p,0.000157711
2.535,p,3.34921e-05
2.54,p,0.00015734
2.54,p,3.33804e-05
2.545,p,0.000157762
2.545,p,3.32706e-05
2.55,p,0.000162755
2.55,p,3.31311e-05
2.555,p,0.000158557
2.555,p,3.3121e-05
2.56,p,0.000163104
2.56,p,3.36243e-05
2.565,p,0.000157819
2.565,p,3.30891e-05
2.57,p,0.000158127
2.57,p,3.31404e-05
2.575,p,0.000153497
2.575,p,3.30604e-05
2.58,p,0.000152851
2.58,p,3.29646e-05
2.585,p,0.000152335
2.585,p,3.28524e-05
2.59,p,0.000151819
2.59,p,3.27414e-05
2.595,p,0.000153902
2.595,p,3.21699e-05
2.6,p,0.000153598
2.6,p,3.21112e-05
2.605,p,0.000150487
2.605,p,3.23933e-05
2.61,p,0.000150068
2.61,p,3.22975e-05
2.615,p,0.000149342
2.615,p,3.21734e-05
2.62,p,0.000148854
2.62,p,3.20642e-05
2.625,p,0.000148315
2.625,p,3.19561e-05
2.63,p,0.000148213
2.63,p,3.18613e-05
2.635,p,0.000147398
2.635,p,3.17403e-05
2.64,p,0.000146913
2.64,p,3.16303e-05
2.645,p,0.000146407
2.645,p,3.15211e-05
2.65,p,0.00014593
2.65,p,3.14127e-05
2.655,p,0.000145456
2.655,p,3.1305e-05
2.66,p,0.000144984
2.66,p,3.1198e-05
2.665,p,0.000144515
2.665,p,3.10917e-05
2.67,p,0.000144047
2.67,p,3.0987e-05
2.675,p,0.000143583
2.675,p,3.08831e-05
2.68,p,0.000143121
2.68,p,3.07795e-05
2.685,p,0.00014266
2.685,p,3.06764e-05
2.69,p,0.000142202
2.69,p,3.05738e-05
2.695,p,0.000141745
2.695,p,3.04712e-05
2.7,p,0.000141311
2.7,p,3.03706e-05
2.705,p,0.000140839
2.705,p,3.02685e-05
2.71,p,0.000140388
2.71,p,3.01673e-05
2.715,p,0.00013994
2.715,p,3.00667e-05
2.72,p,0.000139493
2.72,p,2.99663e-05
2.725,p,0.000139048
2.725,p,2.98663e-05
2.73,p,0.000138605
2.73,p,2.97667e-05
2.735,p,0.000138165
2.735,p,2.96674e-05
2.74,p,0.000137733
2.74,p,2.95667e-05
2.745,p,0.000137295
2.745,p,2.94697e-05
2.75,p,0.000136863
2.75,p,2.93718e-05
2.755,p,0.000136436
2.755,p,2.92741e-05
2.76,p,0.000136013
2.76,p,2.91768e-05
2.765,p,0.000135591
2.765,p,2.90797e-05
2.77,p,0.000135173
2.77,p,2.89833e-05
2.775,p,0.000134757
2.775,p,2.88873e-05
2.78,p,0.000134541
2.78,p,2.88174e-05
2.785,p,0.000133945
2.785,p,2.86871e-05
2.79,p,0.000133717
2.79,p,2.8628e-05
2.795,p,0.000133143
2.795,p,2.84985e-05
2.8,p,0.000132919
2.8,p,2.84405e-05
2.805,p,0.000132402
2.805,p,2.83326e-05
2.81,p,0.000132046
2.81,p,2.82415e-05
2.815,p,0.000131644
2.815,p,2.81487e-05
2.82,p,0.000131309
2.82,p,2.80588e-05
2.825,p,0.000130966
2.825,p,2.79702e-05
2.83,p,0.000130817
2.83,p,2.78935e-05
2.835,p,0.000132555
2.835,p,2.79168e-05
2.84,p,0.000131419
2.84,p,2.76e-05
2.845,p,0.00013013
2.845,p,2.75577e-05
2.85,p,0.000131722
2.85,p,2.7573e-05
2.855,p,0.000131487
2.855,p,2.73429e-05
2.86,p,0.000129089
2.86,p,2.73369e-05
2.865,p,0.000129557
2.865,p,2.72405e-05
2.87,p,0.000131961
2.87,p,2.71812e-05
2.875,p,0.000140888
2.875,p,2.74939e-05
2.88,p,0.000137116
2.88,p,2.69867e-05
2.885,p,0.00014145
2.885,p,2.71667e-05
2.89,p,0.000126114
2.89,p,2.68543e-05
2.895,p,0.000125873
2.895,p,2.6784e-05
2.9,p,0.000125516
2.9,p,2.66773e-05
2.905,p,0.000125121
2.905,p,2.65825e-05
2.91,p,0.000124781
2.91,p,2.64948e-05
2.915,p,0.000124523
2.915,p,2.64113e-05
2.92,p,0.000124226
2.92,p,2.63291e-05
2.925,p,0.000124196
2.925,p,2.62547e-05
2.93,p,0.000124056
2.93,p,2.61769e-05
2.935,p,0.000123659
2.935,p,2.60794e-05
2.94,p,0.000123452
2.94,p,2.60082e-05
2.945,p,0.000121424
2.945,p,2.59144e-05
2.95,p,0.000123094
2.95,p,2.59936e-05
2.955,p,0.000120944
2.955,p,2.57334e-05
2.96,p,0.000120374
2.96,p,2.56261e-05
2.965,p,0.000119922
2.965,p,2.5557e-05
2.97,p,0.000119619
2.97,p,2.54648e-05
2.975,p,0.000119484
2.975,p,2.54015e-05
2.98,p,0.000118652
2.98,p,2.5295e-05
2.985,p,0.000118183
2.985,p,2.5214e-05
2.99,p,0.000117946
2.99,p,2.51387e-05
2.995,p,0.000125371
2.995,p,2.58503e-05
3.0,p,0.00011879
3.0,p,2.49795e-05
3.005,p,0.000118029
3.005,p,2.4882e-05
3.01,p,0.000117715
3.01,p,2.4852e-05
3.015,p,0.00011727
3.015,p,2.47614e-05
3.02,p,0.000116756
3.02,p,2.46532e-05
3.025,p,0.000116333
3.025,p,2.45774e-05
3.03,p,0.000115927
3.03,p,2.45008e-05
3.035,p,0.000115589
3.035,p,2.44252e-05
3.04,p,0.000115426
3.04,p,2.43501e-05
3.045,p,0.00011591
3.045,p,2.42789e-05
3.05,p,0.000117993
3.05,p,2.42449e-05
3.055,p,0.000127667
3.055,p,2.49096e-05
3.06,p,0.000124893
3.06,p,2.49553e-05
3.065,p,0.00012162
3.065,p,2.43129e-05
3.07,p,0.000117773
3.07,p,2.3922e-05
3.075,p,0.000142604
3.075,p,2.64908e-05
3.08,p,0.000148081
3.08,p,2.6978e-05
3.085,p,0.000113149
3.085,p,2.35394e-05
3.09,p,0.000112901
3.09,p,2.36204e-05
3.095,p,0.000114389
3.095,p,2.35584e-05
3.1,p,0.000137537
3.1,p,2.5766e-05
3.105,p,0.000142969
3.105,p,2.59694e-05
3.11,p,0.000110502
3.11,p,2.31844e-05
3.115,p,0.000109926
3.115,p,2.32579e-05
3.12,p,0.0001095
3.12,p,2.31752e-05
3.125,p,0.000109168
3.125,p,2.31073e-05
3.13,p,0.000108829
3.13,p,2.30384e-05
3.135,p,0.000108541
3.135,p,2.29679e-05
3.14,p,0.000108276
3.14,p,2.28985e-05
3.145,p,0.000108051
3.145,p,2.2827e-05
3.15,p,0.00010789
3.15,p,2.27552e-05
3.155,p,0.000107872
3.155,p,2.268e-05
3.16,p,0.000108202
3.16,p,2.25999e-05
3.165,p,0.000109747
3.165,p,2.25882e-05
3.17,p,0.000121474
3.17,p,2.38248e-05
3.175,p,0.000115861
3.175,p,2.31885e-05
3.18,p,0.000117088
3.18,p,2.31646e-05
3.185,p,0.000106368
3.185,p,2.22381e-05
3.19,p,0.000106013
3.19,p,2.22011e-05
3.195,p,0.000107106
3.195,p,2.21648e-05
3.2,p,0.000127214
3.2,p,2.41869e-05
3.205,p,0.000140384
3.205,p,2.51327e-05
3.21,p,0.000115784
3.21,p,2.27352e-05
3.215,p,0.000103348
3.215,p,2.17807e-05
3.22,p,0.000103192
3.22,p,2.18498e-05
3.225,p,0.000102802
3.225,p,2.17699e-05
3.23,p,0.000102549
3.23,p,2.17586e-05
3.235,p,0.000102174
3.235,p,2.16557e-05
3.24,p,0.00010184
3.24,p,2.15826e-05
3.245,p,0.000101524
3.245,p,2.15159e-05
3.25,p,0.000101216
3.25,p,2.14506e-05
3.255,p,0.000100911
3.255,p,2.13862e-05
3.26,p,0.000100609
3.26,p,2.13223e-05
3.265,p,0.000100311
3.265,p,2.12587e-05
3.27,p,0.000100016
3.27,p,2.11956e-05
3.275,p,9.97243e-05
3.275,p,2.1133e-05
3.28,p,9.94338e-05
3.28,p,2.10708e-05
3.285,p,9.91445e-05
3.285,p,2.10088e-05
3.29,p,9.88566e-05
3.29,p,2.0947e-05
3.295,p,9.85698e-05
3.295,p,2.08857e-05
3.3,p,9.84324e-05
3.3,p,2.08745e-05
3.305,p,9.80935e-05
3.305,p,2.0805e-05
3.31,p,9.77506e-05
3.31,p,2.07166e-05
3.315,p,9.74602e-05
3.315,p,2.0655e-05
3.32,p,9.7177e-05
3.32,p,2.0594e-05
3.325,p,9.69003e-05
3.325,p,2.0533e-05
3.33,p,9.66392e-05
3.33,p,2.04723e-05
3.335,p,9.64026e-05
3.335,p,2.04135e-05
3.34,p,9.621e-05
3.34,p,2.03474e-05
3.345,p,9.61372e-05
3.345,p,2.02829e-05
3.35,p,9.62812e-05
3.35,p,2.02212e-05
3.355,p,9.7223e-05
3.355,p,2.01813e-05
3.36,p,0.000108502
3.36,p,2.12605e-05
3.365,p,0.000109159
3.365,p,2.11554e-05
3.37,p,9.75662e-05
3.37,p,1.99445e-05
3.375,p,9.65049e-05
3.375,p,1.99213e-05
3.38,p,9.95367e-05
3.38,p,2.02132e-05
3.385,p,0.000117779
3.385,p,2.22182e-05
3.39,p,0.000127902
3.39,p,2.2855e-05
3.395,p,9.38904e-05
3.395,p,1.95715e-05
3.4,p,9.2964e-05
3.4,p,1.9631e-05
3.405,p,9.24776e-05
3.405,p,1.95702e-05
3.41,p,9.21823e-05
3.41,p,1.95225e-05
3.415,p,9.19122e-05
3.415,p,1.94708e-05
3.42,p,9.16607e-05
3.42,p,1.94186e-05
3.425,p,9.14109e-05
3.425,p,1.93655e-05
3.43,p,9.11565e-05
3.43,p,1.9312e-05
3.435,p,9.09012e-05
3.435,p,1.92579e-05
3.44,p,9.06467e-05
3.44,p,1.92037e-05
3.445,p,9.03965e-05
3.445,p,1.91492e-05
3.45,p,9.01585e-05
3.45,p,1.90946e-05
3.455,p,8.99247e-05
3.455,p,1.90397e-05
3.46,p,8.96977e-05
3.46,p,1.89851e-05
3.465,p,8.94818e-05
3.465,p,1.89309e-05
3.47,p,8.92841e-05
3.47,p,1.88768e-05
3.475,p,8.91202e-05
3.475,p,1.88227e-05
3.48,p,8.90276e-05
3.48,p,1.87683e-05
3.485,p,8.9126e-05
3.485,p,1.87242e-05
3.49,p,9.00523e-05
3.49,p,1.87931e-05
3.495,p,8.90571e-05
3.495,p,1.87923e-05
3.5,p,8.99585e-05
3.5,p,1.89014e-05
3.505,p,8.8e-05
3.505,p,1.85661e-05
3.51,p,8.71538e-05
3.51,p,1.84391e-05
3.515,p,8.68756e-05
3.515,p,1.83878e-05
3.52,p,8.66358e-05
3.52,p,1.83392e-05
3.525,p,8.63996e-05
3.525,p,1.82899e-05
3.53,p,8.61616e-05
3.53,p,1.82402e-05
3.535,p,8.59248e-05
3.535,p,1.819e-05
3.54,p,8.56877e-05
3.54,p,1.81396e-05
3.545,p,8.54514e-05
3.545,p,1.80894e-05
3.55,p,8.52374e-05
3.55,p,1.80397e-05
3.555,p,8.51841e-05
3.555,p,1.79925e-05
3.56,p,8.83372e-05
3.56,p,1.81592e-05
3.565,p,8.82422e-05
3.565,p,1.79719e-05
3.57,p,8.44786e-05
3.57,p,1.78307e-05
3.575,p,8.4258e-05
3.575,p,1.77906e-05
3.58,p,8.42802e-05
3.58,p,1.77438e-05
3.585,p,8.48145e-05
3.585,p,1.77028e-05
3.59,p,8.98753e-05
3.59,p,1.80736e-05
3.595,p,8.68521e-05
3.595,p,1.77179e-05
3.6,p,8.73073e-05
3.6,p,1.76867e-05
3.605,p,8.30836e-05
3.605,p,1.74779e-05
3.61,p,8.2551e-05
3.61,p,1.74386e-05
3.615,p,8.23583e-05
3.615,p,1.73958e-05
3.62,p,8.20589e-05
3.62,p,1.73429e-05
3.625,p,8.18371e-05
3.625,p,1.7295e-05
3.63,p,8.16203e-05
3.63,p,1.72462e-05
3.635,p,8.1403e-05
3.635,p,1.71976e-05
3.64,p,8.11886e-05
3.64,p,1.71492e-05
3.645,p,8.09756e-05
3.645,p,1.71011e-05
3.65,p,8.07645e-05
3.65,p,1.70533e-05
3.655,p,8.05555e-05
3.655,p,1.70057e-05
3.66,p,8.0349e-05
3.66,p,1.69584e-05
3.665,p,8.01453e-05
3.665,p,1.69115e-05
3.67,p,7.99451e-05
3.67,p,1.6865e-05
3.675,p,7.97496e-05
3.675,p,1.68192e-05
3.68,p,7.95598e-05
3.68,p,1.67738e-05
3.685,p,7.93779e-05
3.685,p,1.6729e-05
3.69,p,7.92075e-05
3.69,p,1.66852e-05
3.695,p,7.90559e-05
3.695,p,1.66431e-05
3.7,p,7.89362e-05
3.7,p,1.66043e-05
3.705,p,7.88732e-05
3.705,p,1.65699e-05
3.71,p,7.87134e-05
3.71,p,1.6509e-05
3.715,p,7.91456e-05
3.715,p,1.65125e-05
3.72,p,8.80707e-05
3.72,p,1.73649e-05
3.725,p,8.98112e-05
3.725,p,1.72658e-05
3.73,p,8.31645e-05
3.73,p,1.68453e-05
3.735,p,7.8036e-05
3.735,p,1.62904e-05
3.74,p,8.54385e-05
3.74,p,1.70202e-05
3.745,p,7.74407e-05
3.745,p,1.62153e-05
3.75,p,7.73361e-05
3.75,p,1.61443e-05
3.755,p,7.71708e-05
3.755,p,1.60833e-05
3.76,p,7.75773e-05
3.76,p,1.60358e-05
3.765,p,7.8008e-05
3.765,p,1.59789e-05
3.77,p,7.99975e-05
3.77,p,1.59955e-05
3.775,p,8.34022e-05
3.775,p,1.62169e-05
3.78,p,8.77665e-05
3.78,p,1.63177e-05
3.785,p,7.99384e-05
3.785,p,1.57064e-05
3.79,p,7.57875e-05
3.79,p,1.57886e-05
3.795,p,7.59049e-05
3.795,p,1.57249e-05
3.8,p,7.63968e-05
3.8,p,1.56886e-05
3.805,p,7.81521e-05
3.805,p,1.57388e-05
3.81,p,9.15347e-05
3.81,p,1.67229e-05
3.815,p,9.30375e-05
3.815,p,1.75106e-05
3.82,p,8.22395e-05
3.82,p,1.60664e-05
3.825,p,7.73643e-05
3.825,p,1.61883e-05
3.83,p,7.49496e-05
3.83,p,1.53847e-05
3.835,p,7.37019e-05
3.835,p,1.53725e-05
3.84,p,7.41046e-05
3.84,p,1.53943e-05
3.845,p,7.36693e-05
3.845,p,1.59066e-05
3.85,p,7.43904e-05
3.85,p,1.52202e-05
3.855,p,7.34649e-05
3.855,p,1.52788e-05
3.86,p,7.40709e-05
3.86,p,1.52675e-05
3.865,p,7.37911e-05
3.865,p,1.56301e-05
3.87,p,7.32636e-05
3.87,p,1.50585e-05
3.875,p,7.40193e-05
3.875,p,1.54285e-05
3.88,p,7.19972e-05
3.88,p,1.51102e-05
3.885,p,7.07655e-05
3.885,p,1.53405e-05
3.89,p,7.1457e-05
3.89,p,1.4909e-05
3.895,p,7.0531e-05
3.895,p,1.49471e-05
3.9,p,7.12327e-05
3.9,p,1.48636e-05
3.905,p,7.45135e-05
3.905,p,1.54975e-05
3.91,p,7.88633e-05
3.91,p,1.53186e-05
3.915,p,8.79044e-05
3.915,p,1.60027e-05
3.92,p,9.3903e-05
3.92,p,1.64449e-05
3.925,p,7.78203e-05
3.925,p,1.50759e-05
3.93,p,8.54785e-05
3.93,p,1.57645e-05
3.935,p,7.30776e-05
3.935,p,1.48726e-05
3.94,p,6.99874e-05
3.94,p,1.44379e-05
3.945,p,6.94442e-05
3.945,p,1.47299e-05
3.95,p,7.00235e-05
3.95,p,1.44816e-05
3.955,p,6.85631e-05
3.955,p,1.46426e-05
3.96,p,6.94774e-05
3.96,p,1.43862e-05
3.965,p,6.90464e-05
3.965,p,1.46732e-05
3.97,p,6.88814e-05
3.97,p,1.42878e-05
3.975,p,6.77599e-05
3.975,p,1.44148e-05
3.98,p,6.81532e-05
3.98,p,1.42287e-05
3.985,p,6.72951e-05
3.985,p,1.44322e-05
3.99,p,6.78135e-05
3.99,p,1.41256e-05
3.995,p,6.69576e-05
3.995,p,1.42589e-05
4.0,p,6.73388e-05
4.0,p,1.4071e-05
4.005,p,6.65068e-05
4.005,p,1.42748e-05
4.01,p,6.70167e-05
4.01,p,1.39706e-05
4.015,p,6.61835e-05
4.015,p,1.41041e-05
4.02,p,6.65599e-05
4.02,p,1.39167e-05
4.025,p,6.58327e-05
4.025,p,1.4057e-05
4.03,p,6.62104e-05
4.03,p,1.38372e-05
4.035,p,6.54555e-05
4.035,p,1.39566e-05
4.04,p,6.58091e-05
4.04,p,1.3764e-05
4.045,p,6.50952e-05
4.045,p,1.39011e-05
4.05,p,6.54623e-05
4.05,p,1.36869e-05
4.055,p,6.47283e-05
4.055,p,1.38077e-05
4.06,p,6.50776e-05
4.06,p,1.36142e-05
4.065,p,6.4376e-05
4.065,p,1.37491e-05
4.07,p,6.47347e-05
4.07,p,1.35387e-05
4.075,p,6.40192e-05
4.075,p,1.36614e-05
4.08,p,6.43623e-05
4.08,p,1.34667e-05
4.085,p,6.36741e-05
4.085,p,1.36003e-05
4.09,p,6.40229e-05
4.09,p,1.33924e-05
4.095,p,6.33271e-05
4.095,p,1.35168e-05
4.1,p,6.36613e-05
4.1,p,1.3321e-05
4.105,p,6.29902e-05
4.105,p,1.34539e-05
4.11,p,6.33269e-05
4.11,p,1.32478e-05
4.115,p,6.26524e-05
4.115,p,1.33739e-05
4.12,p,6.29767e-05
4.12,p,1.31769e-05
4.125,p,6.23233e-05
4.125,p,1.33099e-05
4.13,p,6.26483e-05
4.13,p,1.31048e-05
4.135,p,6.19949e-05
4.135,p,1.32327e-05
4.14,p,6.23126e-05
4.14,p,1.30346e-05
4.145,p,6.16751e-05
4.145,p,1.3168e-05
4.15,p,6.19983e-05
4.15,p,1.29635e-05
4.155,p,6.13579e-05
4.155,p,1.30934e-05
4.16,p,6.16762e-05
4.16,p,1.28939e-05
4.165,p,6.10495e-05
4.165,p,1.30283e-05
4.17,p,6.13731e-05
4.17,p,1.28235e-05
4.175,p,6.07476e-05
4.175,p,1.29558e-05
4.18,p,6.10681e-05
4.18,p,1.27543e-05
4.185,p,6.04571e-05
4.185,p,1.28909e-05
4.19,p,6.07837e-05
4.19,p,1.26848e-05
4.195,p,6.00709e-05
4.195,p,1.28224e-05
4.2,p,6.04297e-05
4.2,p,1.26207e-05
4.205,p,5.97371e-05
4.205,p,1.27516e-05
4.21,p,6.01485e-05
4.21,p,1.25556e-05
4.215,p,5.94607e-05
4.215,p,1.26864e-05
4.22,p,5.98806e-05
4.22,p,1.24895e-05
4.225,p,5.92064e-05
4.225,p,1.26197e-05
4.23,p,5.96369e-05
4.23,p,1.24247e-05
4.235,p,5.89863e-05
4.235,p,1.25575e-05
4.24,p,5.94427e-05
4.24,p,1.23608e-05
4.245,p,5.88305e-05
4.245,p,1.24989e-05
4.25,p,5.93362e-05
4.25,p,1.23049e-05
4.255,p,5.88172e-05
4.255,p,1.24529e-05
4.26,p,5.94658e-05
4.26,p,1.22688e-05
4.265,p,5.92299e-05
4.265,p,1.24338e-05
4.27,p,6.04807e-05
4.27,p,1.22862e-05
4.275,p,6.20723e-05
4.275,p,1.26579e-05
4.28,p,5.93842e-05
4.28,p,1.21691e-05
4.285,p,5.98686e-05
4.285,p,1.24151e-05
4.29,p,6.52701e-05
4.29,p,1.27613e-05
4.295,p,5.72323e-05
4.295,p,1.21919e-05
4.3,p,5.75714e-05
4.3,p,1.19966e-05
4.305,p,5.68355e-05
4.305,p,1.21095e-05
4.31,p,5.7155e-05
4.31,p,1.19085e-05
4.315,p,5.64531e-05
4.315,p,1.20373e-05
4.32,p,5.67666e-05
4.32,p,1.18431e-05
4.325,p,5.61167e-05
4.325,p,1.19618e-05
4.33,p,5.64346e-05
4.33,p,1.17791e-05
4.335,p,5.5807e-05
4.335,p,1.19065e-05
4.34,p,5.61441e-05
4.34,p,1.17149e-05
4.345,p,5.55477e-05
4.345,p,1.18342e-05
4.35,p,5.59075e-05
4.35,p,1.16534e-05
4.355,p,5.53786e-05
4.355,p,1.178e-05
4.36,p,5.58528e-05
4.36,p,1.15952e-05
4.365,p,5.56177e-05
4.365,p,1.17113e-05
4.37,p,5.746e-05
4.37,p,1.16274e-05
4.375,p,6.57854e-05
4.375,p,1.26591e-05
4.38,p,7.02628e-05
4.38,p,1.30931e-05
4.385,p,5.44132e-05
4.385,p,1.15854e-05
4.39,p,5.46667e-05
4.39,p,1.14116e-05
4.395,p,5.40996e-05
4.395,p,1.15703e-05
4.4,p,5.44623e-05
4.4,p,1.1344e-05
4.405,p,5.38231e-05
4.405,p,1.14443e-05
4.41,p,5.4288e-05
4.41,p,1.1301e-05
4.415,p,5.35989e-05
4.415,p,1.14324e-05
4.42,p,5.41061e-05
4.42,p,1.12391e-05
4.425,p,5.33516e-05
4.425,p,1.13248e-05
4.43,p,5.3834e-05
4.43,p,1.11802e-05
4.435,p,5.32479e-05
4.435,p,1.13112e-05
4.44,p,5.35508e-05
4.44,p,1.11017e-05
4.445,p,5.30258e-05
4.445,p,1.12131e-05
4.45,p,5.34645e-05
4.45,p,1.10647e-05
4.455,p,5.28805e-05
4.455,p,1.11936e-05
4.46,p,5.34123e-05
4.46,p,1.10055e-05
4.465,p,5.27747e-05
4.465,p,1.1102e-05
4.47,p,5.33255e-05
4.47,p,1.0959e-05
4.475,p,5.28501e-05
4.475,p,1.1091e-05
4.48,p,5.35415e-05
4.48,p,1.09138e-05
4.485,p,5.31571e-05
4.485,p,1.10287e-05
4.49,p,5.40601e-05
4.49,p,1.09064e-05
4.495,p,5.36129e-05
4.495,p,1.10319e-05
4.5,p,5.62971e-05
4.5,p,1.11701e-05
4.505,p,5.34986e-05
4.505,p,1.10145e-05
4.51,p,5.52889e-05
4.51,p,1.09697e-05
4.515,p,5.08922e-05
4.515,p,1.08245e-05
4.52,p,5.27727e-05
4.52,p,1.07443e-05
4.525,p,5.64458e-05
4.525,p,1.12579e-05
4.53,p,5.19622e-05
4.53,p,1.063e-05
4.535,p,5.10969e-05
4.535,p,1.07358e-05
4.54,p,5.14359e-05
4.54,p,1.05664e-05
4.545,p,5.07007e-05
4.545,p,1.06748e-05
4.55,p,5.10778e-05
4.55,p,1.05112e-05
4.555,p,5.03685e-05
4.555,p,1.06089e-05
4.56,p,5.07862e-05
4.56,p,1.04508e-05
4.565,p,5.01035e-05
4.565,p,1.05572e-05
4.57,p,5.06708e-05
4.57,p,1.04044e-05
4.575,p,4.9971e-05
4.575,p,1.0497e-05
4.58,p,5.04646e-05
4.58,p,1.03475e-05
4.585,p,4.98776e-05
4.585,p,1.04593e-05
4.59,p,5.0455e-05
4.59,p,1.0301e-05
4.595,p,4.99467e-05
4.595,p,1.03991e-05
4.6,p,5.06574e-05
4.6,p,1.02637e-05
4.605,p,5.04387e-05
4.605,p,1.03849e-05
4.61,p,5.16064e-05
4.61,p,1.02849e-05
4.615,p,5.15597e-05
4.615,p,1.04285e-05
4.62,p,5.23424e-05
4.62,p,1.04892e-05
4.625,p,4.85248e-05
4.625,p,1.02428e-05
4.63,p,4.87243e-05
4.63,p,1.00645e-05
4.635,p,5.44773e-05
4.635,p,1.08779e-05
4.64,p,4.85083e-05
4.64,p,1.00149e-05
4.645,p,4.77586e-05
4.645,p,1.01186e-05
4.65,p,4.81263e-05
4.65,p,9.94621e-06
4.655,p,4.74735e-05
4.655,p,1.00423e-05
4.66,p,4.78477e-05
4.66,p,9.89469e-06
4.665,p,4.72232e-05
4.665,p,9.98944e-06
4.67,p,4.76336e-05
4.67,p,9.83871e-06
4.675,p,4.70482e-05
4.675,p,9.92741e-06
4.68,p,4.74999e-05
4.68,p,9.78695e-06
4.685,p,4.69716e-05
4.685,p,9.87731e-06
4.69,p,4.74755e-05
4.69,p,9.73076e-06
4.695,p,4.69951e-05
4.695,p,9.81957e-06
4.7,p,4.75803e-05
4.7,p,9.68008e-06
4.705,p,4.72357e-05
4.705,p,9.77455e-06
4.71,p,4.80372e-05
4.71,p,9.63104e-06
4.715,p,4.80899e-05
4.715,p,9.74562e-06
4.72,p,4.98552e-05
4.72,p,9.65054e-06
4.725,p,5.37657e-05
4.725,p,1.00811e-05
4.73,p,5.03013e-05
4.73,p,9.64106e-06
4.735,p,6.31372e-05
4.735,p,1.1351e-05
4.74,p,4.93006e-05
4.74,p,9.62305e-06
4.745,p,5.03716e-05
4.745,p,9.913e-06
4.75,p,5.37837e-05
4.75,p,9.86169e-06
4.755,p,5.08149e-05
4.755,p,1.01234e-05
4.76,p,4.9325e-05
4.76,p,9.6645e-06
4.765,p,4.55639e-05
4.765,p,9.63879e-06
4.77,p,4.4796e-05
4.77,p,9.24794e-06
4.775,p,5.72071e-05
4.775,p,1.03638e-05
4.78,p,4.50811e-05
4.78,p,9.44463e-06
4.785,p,4.69049e-05
4.785,p,9.47624e-06
4.79,p,5.09984e-05
4.79,p,9.60716e-06
4.795,p,5.2729e-05
4.795,p,9.87318e-06
4.8,p,6.09313e-05
4.8,p,1.08882e-05
4.805,p,4.53313e-05
4.805,p,9.40669e-06
4.81,p,4.43621e-05
4.81,p,9.18675e-06
4.815,p,4.40573e-05
4.815,p,9.43077e-06
4.82,p,4.39454e-05
4.82,p,9.00192e-06
4.825,p,4.3383e-05
4.825,p,9.15323e-06
4.83,p,4.36464e-05
4.83,p,9.02463e-06
4.835,p,4.308e-05
4.835,p,9.22545e-06
4.84,p,4.34448e-05
4.84,p,8.97502e-06
4.845,p,4.27436e-05
4.845,p,9.05231e-06
4.85,p,4.30605e-05
4.85,p,8.93345e-06
4.855,p,4.24883e-05
4.855,p,9.05054e-06
4.86,p,4.28473e-05
4.86,p,8.88155e-06
4.865,p,4.21963e-05
4.865,p,8.95997e-06
4.87,p,4.25081e-05
4.87,p,8.83961e-06
4.875,p,4.19459e-05
4.875,p,8.95136e-06
4.88,p,4.23092e-05
4.88,p,8.78971e-06
4.885,p,4.16691e-05
4.885,p,8.86923e-06
4.89,p,4.19946e-05
4.89,p,8.7476e-06
4.895,p,4.1432e-05
4.895,p,8.85415e-06
4.9,p,4.17949e-05
4.9,p,8.69832e-06
4.905,p,4.11662e-05
4.905,p,8.77899e-06
4.91,p,4.1499e-05
4.91,p,8.65596e-06
4.915,p,4.09393e-05
4.915,p,8.7583e-06
4.92,p,4.13001e-05
4.92,p,8.60751e-06
4.925,p,4.06837e-05
4.925,p,8.68935e-06
4.93,p,4.10211e-05
4.93,p,8.56524e-06
4.935,p,4.04639e-05
4.935,p,8.66471e-06
4.94,p,4.0823e-05
4.94,p,8.51779e-06
4.945,p,4.02163e-05
4.945,p,8.60071e-06
4.95,p,4.05562e-05
4.95,p,8.47557e-06
4.955,p,4.00025e-05
4.955,p,8.57284e-06
4.96,p,4.03594e-05
4.96,p,8.42895e-06
4.965,p,3.97619e-05
4.965,p,8.51295e-06
4.97,p,4.01026e-05
4.97,p,8.38686e-06
4.975,p,3.95531e-05
4.975,p,8.4824e-06
4.98,p,3.9907e-05
4.98,p,8.341e-06
4.985,p,3.93198e-05
4.985,p,8.42562e-06
4.99,p,3.96585e-05
4.99,p,8.29907e-06
4.995,p,3.91152e-05
4.995,p,8.39295e-06
5.0,p,3.94645e-05
5.0,p,8.25396e-06
